Date,Particulars,Voucher No.,Voucher Ref. No.,Narration,Quantity,Rate,Value,Gross Total,GST Sales,Output IGST @ 18%,Round Off,Output CGST @ 9%,Output SGST @ 9%,Output IGST @ 12%,Output CGST @ 6%,Output SGST @ 6%,Shipping Interstate GST @ 12%,Shipping Interstate GST @ 12,Output CGST @ 2.5%,Output SGST @ 2.5%,Output IGST @ 5%,Shipping Interstate GST @ 18%,Local GST Sales @ 5%,Local GST Sales @ 18%,Shipping Local GST @ 18%,Interstate GST Sales @ 5%,Interstate GST Sales @ 12%,Interstate GST Sales @ 18%,Interstate GST Sales @ 5%,Interstate GST Sales @ 12%,Interstate GST Sales @ 18%
01-Aug-25,SAI ANUGRAHA TRADERS,PSB25-26/INV-897,PSB25-26/INV-897,Being Sale of Goods - Accounted,106 Pr,,125100.00,147618.00 Dr,125100.00 Cr,22518.00 Cr,,,,,,,,,,,,,,,,,,,,,
,Plaeto Nova School Shoes (Size 01 UK) - Black,,,,10 Pr,1125.00/Pr,11250.00,,,,,,,,,,,,,,,,,,,,,,,,
,Plaeto Nova School Shoes (Size 02 UK) - Black,,,,11 Pr,1125.00/Pr,12375.00,,,,,,,,,,,,,,,,,,,,,,,,
,Plaeto Nova School Shoes (Size 03 UK) - Black,,,,12 Pr,1125.00/Pr,13500.00,,,,,,,,,,,,,,,,,,,,,,,,
,Plaeto Nova School Shoes (Size 04 UK) - Black,,,,8 Pr,1125.00/Pr,9000.00,,,,,,,,,,,,,,,,,,,,,,,,
,Plaeto Nova School Shoes (Size 07 UK) - Black,,,,14 Pr,1215.00/Pr,17010.00,,,,,,,,,,,,,,,,,,,,,,,,
,Plaeto Nova School Shoes (Size 09 UK) - Black,,,,15 Pr,1215.00/Pr,18225.00,,,,,,,,,,,,,,,,,,,,,,,,
,Plaeto Nova School Shoes (Size 10 UK) - Black,,,,12 Pr,1215.00/Pr,14580.00,,,,,,,,,,,,,,,,,,,,,,,,
,Plaeto Nova School Shoes (Size 11 UK) - Black,,,,12 Pr,1215.00/Pr,14580.00,,,,,,,,,,,,,,,,,,,,,,,,
,Plaeto Nova School Shoes (Size 12 UK) - Black,,,,12 Pr,1215.00/Pr,14580.00,,,,,,,,,,,,,,,,,,,,,,,,
01-Aug-25,SAI ANUGRAHA TRADERS,PSB25-26/INV-898,PSB25-26/INV-898,Being Sale of Goods - Accounted,34 Pr,,39690.00,46834.00 Dr,39690.00 Cr,7144.20 Cr,0.20 Dr,,,,,,,,,,,,,,,,,,,,
,Plaeto Nova School Shoes (Size 02 UK) - Black,,,,6 Pr,1125.00/Pr,6750.00,,,,,,,,,,,,,,,,,,,,,,,,
,Plaeto Nova School Shoes (Size 03 UK) - Black,,,,6 Pr,1125.00/Pr,6750.00,,,,,,,,,,,,,,,,,,,,,,,,
,Plaeto Nova School Shoes (Size 04 UK) - Black,,,,6 Pr,1125.00/Pr,6750.00,,,,,,,,,,,,,,,,,,,,,,,,
,Plaeto Nova School Shoes (Size 07 UK) - Black,,,,6 Pr,1215.00/Pr,7290.00,,,,,,,,,,,,,,,,,,,,,,,,
,Plaeto Nova School Shoes (Size 09 UK) - Black,,,,6 Pr,1215.00/Pr,7290.00,,,,,,,,,,,,,,,,,,,,,,,,
,Plaeto Nova School Shoes (Size 10 UK) - Black,,,,4 Pr,1215.00/Pr,4860.00,,,,,,,,,,,,,,,,,,,,,,,,
01-Aug-25,SAI ANUGRAHA TRADERS,PSB25-26/INV-899,PSB25-26/INV-899,Being Sale of Goods - Accounted,1 Pr,,1215.00,1434.00 Dr,1215.00 Cr,218.70 Cr,0.30 Cr,,,,,,,,,,,,,,,,,,,,
,Plaeto Nova School Shoes (Size 09 UK) - Black,,,,1 Pr,1215.00/Pr,1215.00,,,,,,,,,,,,,,,,,,,,,,,,
01-Aug-25,Nalanda Gurukula International Public School,PSB25-26/INV-900,PSB25-26/INV-900,Being Sale of Goods - Accounted,9 Pr,,13025.43,15370.00 Dr,13025.43 Cr,,0.01 Dr,1172.29 Cr,1172.29 Cr,,,,,,,,,,,,,,,,,,
,Plaeto Nova School Shoes (Size 02 UK) - Black,,,,2 Pr,1398.31/Pr,2796.62,,,,,,,,,,,,,,,,,,,,,,,,
,Plaeto Nova School Shoes (Size 03 UK) - Black,,,,3 Pr,1398.31/Pr,4194.93,,,,,,,,,,,,,,,,,,,,,,,,
,Plaeto Nova School Shoes (Size 10 UK) - Black,,,,3 Pr,1508.47/Pr,4525.41,,,,,,,,,,,,,,,,,,,,,,,,
,Plaeto Nova School Shoes (Size 12 UK) - Black,,,,1 Pr,1508.47/Pr,1508.47,,,,,,,,,,,,,,,,,,,,,,,,
01-Aug-25,Walk-King Shoe Company,PSB25-26/INV-901,PSB25-26/INV-901,Being Sale of Goods - Accounted,1 Pr,,1107.00,1306.00 Dr,1107.00 Cr,199.26 Cr,0.26 Dr,,,,,,,,,,,,,,,,,,,,
,Reebok Prodigy Shoe (Size 06 Y) - Black,,,,1 Pr,1107.00/Pr,1107.00,,,,,,,,,,,,,,,,,,,,,,,,
01-Aug-25,Emmaus Swiss High School,PSB25-26/INV-902,PSB25-26/INV-902,Being Sale of Goods - Accounted,3 Pr,,3.00,3.00 Dr,3.00 Cr,,0.36 Dr,,,0.36 Cr,,,,,,,,,,,,,,,,,
,Plaeto Pu Sneakers (10UK) White,,,,1 Pr,1.00/Pr,1.00,,,,,,,,,,,,,,,,,,,,,,,,
,Plaeto Prithvi Sneakers (10UK) Green,,,,1 Pr,1.00/Pr,1.00,,,,,,,,,,,,,,,,,,,,,,,,
,Plaeto Agni Sneakers (10UK) Red,,,,1 Pr,1.00/Pr,1.00,,,,,,,,,,,,,,,,,,,,,,,,
04-Aug-25,Sharanya Narayani International School,PSB25-26/INV-903,PSB25-26/INV-903,Being Sale of Goods - Accounted,47 Pr,,71197.61,84013.00 Dr,71197.61 Cr,,0.13 Dr,6407.76 Cr,6407.76 Cr,,,,,,,,,,,,,,,,,,
,Reebok Prodigy Shoe (Size 13 C) - Black,,,,1 Pr,1372.03/Pr,1372.03,,,,,,,,,,,,,,,,,,,,,,,,
,Reebok Prodigy Shoe (Size 05 Y) - Black,,,,1 Pr,1372.03/Pr,1372.03,,,,,,,,,,,,,,,,,,,,,,,,
,Reebok Prodigy Shoe (Size 07 US) - Black,,,,6 Pr,1524.58/Pr,9147.48,,,,,,,,,,,,,,,,,,,,,,,,
,Reebok Prodigy Shoe (Size 09 US) - Black,,,,3 Pr,1524.58/Pr,4573.74,,,,,,,,,,,,,,,,,,,,,,,,
,Reebok Prodigy Shoe (Size 10 US) - Black,,,,8 Pr,1524.58/Pr,12196.64,,,,,,,,,,,,,,,,,,,,,,,,
,Reebok Prodigy Shoe (Size 11 US) - Black,,,,2 Pr,1524.58/Pr,3049.16,,,,,,,,,,,,,,,,,,,,,,,,
,Reebok Prodigy Shoe (Size 12 US) - Black,,,,1 Pr,1524.58/Pr,1524.58,,,,,,,,,,,,,,,,,,,,,,,,
,Reebok Prodigy Shoe (Size 13 US) - Black,,,,2 Pr,1524.58/Pr,3049.16,,,,,,,,,,,,,,,,,,,,,,,,
,Reebok Prodigy Shoe (Size 13 C) - White,,,,1 Pr,1372.03/Pr,1372.03,,,,,,,,,,,,,,,,,,,,,,,,
,Reebok Prodigy Shoe (Size 07 US) - White,,,,6 Pr,1524.58/Pr,9147.48,,,,,,,,,,,,,,,,,,,,,,,,
,Reebok Prodigy Shoe (Size 09 US) - White,,,,3 Pr,1524.58/Pr,4573.74,,,,,,,,,,,,,,,,,,,,,,,,
,Reebok Prodigy Shoe (Size 10 US) - White,,,,8 Pr,1524.58/Pr,12196.64,,,,,,,,,,,,,,,,,,,,,,,,
,Reebok Prodigy Shoe (Size 11 US) - White,,,,2 Pr,1524.58/Pr,3049.16,,,,,,,,,,,,,,,,,,,,,,,,
,Reebok Prodigy Shoe (Size 12 US) - White,,,,1 Pr,1524.58/Pr,1524.58,,,,,,,,,,,,,,,,,,,,,,,,
,Reebok Prodigy Shoe (Size 13 US) - White,,,,2 Pr,1524.58/Pr,3049.16,,,,,,,,,,,,,,,,,,,,,,,,
04-Aug-25,Radcliffe Education Pvt Ltd (M),PSB25-26/INV-904,PSB25-26/INV-904,Being Sale of Goods - Accounted,41 Pr,,32127.61,35983.00 Dr,32127.61 Cr,,0.09 Cr,,,3855.30 Cr,,,,,,,,,,,,,,,,,
,Plaeto Aspire School Shoes (Size 13 C) - Black,,,,11 Pr,660.71/Pr,7267.81,,,,,,,,,,,,,,,,,,,,,,,,
,Plaeto Aspire School Shoes (Size 01 UK) - Black,,,,10 Pr,813.39/Pr,8133.90,,,,,,,,,,,,,,,,,,,,,,,,
,Plaeto Aspire School Shoes (Size 02 UK) - Black,,,,6 Pr,813.39/Pr,4880.34,,,,,,,,,,,,,,,,,,,,,,,,
,Plaeto Aspire School Shoes (Size 03 UK) - Black,,,,3 Pr,813.39/Pr,2440.17,,,,,,,,,,,,,,,,,,,,,,,,
,Plaeto Aspire School Shoes (Size 04 UK) - Black,,,,2 Pr,813.39/Pr,1626.78,,,,,,,,,,,,,,,,,,,,,,,,
,Plaeto Aspire School Shoes (Size 07 UK) - Black,,,,3 Pr,864.29/Pr,2592.87,,,,,,,,,,,,,,,,,,,,,,,,
,Plaeto Aspire School Shoes (Size 08 UK) - Black,,,,3 Pr,864.29/Pr,2592.87,,,,,,,,,,,,,,,,,,,,,,,,
,Plaeto Aspire School Shoes (Size 09 UK) - Black,,,,3 Pr,864.29/Pr,2592.87,,,,,,,,,,,,,,,,,,,,,,,,
04-Aug-25,Radcliffe Education Pvt Ltd (M),PSB25-26/INV-905,PSB25-26/INV-905,Being Sale of Goods - Accounted,4 Pr,,3202.68,3587.00 Dr,3202.68 Cr,,0.01 Dr,,,384.33 Cr,,,,,,,,,,,,,,,,,
,Plaeto Aspire School Shoes (Size 13 C) - Black,,,,1 Pr,660.71/Pr,660.71,,,,,,,,,,,,,,,,,,,,,,,,
,Plaeto Aspire School Shoes (Size 03 UK) - Black,,,,1 Pr,813.39/Pr,813.39,,,,,,,,,,,,,,,,,,,,,,,,
,Plaeto Aspire School Shoes (Size 08 UK) - Black,,,,2 Pr,864.29/Pr,1728.58,,,,,,,,,,,,,,,,,,,,,,,,
04-Aug-25,Radcliffe Education Pvt Ltd (M),PSB25-26/INV-906,PSB25-26/INV-906,Being Sale of Goods - Accounted,11 Pr,,8031.21,8995.00 Dr,8031.21 Cr,,0.02 Cr,,,963.77 Cr,,,,,,,,,,,,,,,,,
,Plaeto Aspire School Shoes (Size 08 C) - Black,,,,1 Pr,660.71/Pr,660.71,,,,,,,,,,,,,,,,,,,,,,,,
,Plaeto Aspire School Shoes (Size 09 C) - Black,,,,1 Pr,660.71/Pr,660.71,,,,,,,,,,,,,,,,,,,,,,,,
,Plaeto Aspire School Shoes (Size 11 C) - Black,,,,1 Pr,660.71/Pr,660.71,,,,,,,,,,,,,,,,,,,,,,,,
,Plaeto Aspire School Shoes (Size 12 C) - Black,,,,2 Pr,660.71/Pr,1321.42,,,,,,,,,,,,,,,,,,,,,,,,
,Plaeto Aspire School Shoes (Size 13 C) - Black,,,,1 Pr,660.71/Pr,660.71,,,,,,,,,,,,,,,,,,,,,,,,
,Plaeto Aspire School Shoes (Size 02 UK) - Black,,,,1 Pr,813.39/Pr,813.39,,,,,,,,,,,,,,,,,,,,,,,,
,Plaeto Aspire School Shoes (Size 03 UK) - Black,,,,1 Pr,813.39/Pr,813.39,,,,,,,,,,,,,,,,,,,,,,,,
,Plaeto Aspire School Shoes (Size 04 UK) - Black,,,,3 Pr,813.39/Pr,2440.17,,,,,,,,,,,,,,,,,,,,,,,,
04-Aug-25,Radcliffe Education Pvt Ltd (M),PSB25-26/INV-907,PSB25-26/INV-907,Being Sale of Goods - Accounted,18 Pr,,14335.70,16056.00 Dr,14335.70 Cr,,0.02 Cr,,,1720.28 Cr,,,,,,,,,,,,,,,,,
,Plaeto Aspire School Shoes (Size 12 C) - Black,,,,1 Pr,660.71/Pr,660.71,,,,,,,,,,,,,,,,,,,,,,,,
,Plaeto Aspire School Shoes (Size 13 C) - Black,,,,3 Pr,660.71/Pr,1982.13,,,,,,,,,,,,,,,,,,,,,,,,
,Plaeto Aspire School Shoes (Size 01 UK) - Black,,,,4 Pr,813.39/Pr,3253.56,,,,,,,,,,,,,,,,,,,,,,,,
,Plaeto Aspire School Shoes (Size 02 UK) - Black,,,,1 Pr,813.39/Pr,813.39,,,,,,,,,,,,,,,,,,,,,,,,
,Plaeto Aspire School Shoes (Size 03 UK) - Black,,,,1 Pr,813.39/Pr,813.39,,,,,,,,,,,,,,,,,,,,,,,,
,Plaeto Aspire School Shoes (Size 04 UK) - Black,,,,2 Pr,813.39/Pr,1626.78,,,,,,,,,,,,,,,,,,,,,,,,
,Plaeto Aspire School Shoes (Size 05 UK) - Black,,,,1 Pr,864.29/Pr,864.29,,,,,,,,,,,,,,,,,,,,,,,,
,Plaeto Aspire School Shoes (Size 09 UK) - Black,,,,3 Pr,864.29/Pr,2592.87,,,,,,,,,,,,,,,,,,,,,,,,
,Plaeto Aspire School Shoes (Size 11 UK) - Black,,,,1 Pr,864.29/Pr,864.29,,,,,,,,,,,,,,,,,,,,,,,,
,Plaeto Aspire School Shoes (Size 12 UK) - Black,,,,1 Pr,864.29/Pr,864.29,,,,,,,,,,,,,,,,,,,,,,,,
04-Aug-25,NYAS SERVICES,PSB25-26/INV-908,PSB25-26/INV-908,Being Sale of Goods - Accounted,4 Pr,,5759.32,6796.00 Dr,5759.32 Cr,1036.68 Cr,,,,,,,,,,,,,,,,,,,,,
,Plaeto Nova School Shoes (Size 05 UK) - Black,,,,2 Pr,1439.83/Pr,2879.66,,,,,,,,,,,,,,,,,,,,,,,,
,Plaeto Nova School Shoes (Size 06 UK) - Black,,,,1 Pr,1439.83/Pr,1439.83,,,,,,,,,,,,,,,,,,,,,,,,
,Plaeto Nova School Shoes (Size 07 UK) - Black,,,,1 Pr,1439.83/Pr,1439.83,,,,,,,,,,,,,,,,,,,,,,,,
04-Aug-25,Mr. Soman,PSB25-26/INV-909,PSB25-26/INV-909,Being Sale of Goods - Accounted,1 Pr,,1099.15,1297.00 Dr,1099.15 Cr,,0.01 Cr,98.92 Cr,98.92 Cr,,,,,,,,,,,,,,,,,,
,Plaeto Nova School Shoes (Size 12 C) - Black,,,,1 Pr,1099.15/Pr,1099.15,,,,,,,,,,,,,,,,,,,,,,,,
05-Aug-25,RAKHRA THE SPORTS HOUSE,PSB25-26/INV-910,PSB25-26/INV-910,Being Sale of Goods - Accounted,19 Pr,,18423.16,20634.00 Dr,18423.16 Cr,,0.06 Cr,,,,1105.39 Cr,1105.39 Cr,,,,,,,,,,,,,,,
,Plaeto Nova School Shoes (Size 13 C) - Black,,,,19 Pr,969.64/Pr,18423.16,,,,,,,,,,,,,,,,,,,,,,,,
05-Aug-25,H AND M ENTERPRISES (DPS),PSB25-26/INV-911,PSB25-26/INV-911,Being Sale of Goods - Accounted,11 Pr,,13144.12,15510.00 Dr,13144.12 Cr,,0.06 Dr,1182.97 Cr,1182.97 Cr,,,,,,,,,,,,,,,,,,
,Reebok Prodigy Shoe (Size 08 US) - Black,,,,11 Pr,1194.92/Pr,13144.12,,,,,,,,,,,,,,,,,,,,,,,,
05-Aug-25,Radcliffe Education Pvt Ltd (M),PSB25-26/INV-912,PSB25-26/INV-912,Being Sale of Goods - Accounted,46 Pr,,36958.04,41393.00 Dr,36958.04 Cr,,0.02 Cr,,,4434.94 Cr,,,,,,,,,,,,,,,,,
,Plaeto Aspire School Shoes (Size 09 C) - Black,,,,2 Pr,660.71/Pr,1321.42,,,,,,,,,,,,,,,,,,,,,,,,
,Plaeto Aspire School Shoes (Size 11 C) - Black,,,,3 Pr,660.71/Pr,1982.13,,,,,,,,,,,,,,,,,,,,,,,,
,Plaeto Aspire School Shoes (Size 12 C) - Black,,,,2 Pr,660.71/Pr,1321.42,,,,,,,,,,,,,,,,,,,,,,,,
,Plaeto Aspire School Shoes (Size 13 C) - Black,,,,3 Pr,660.71/Pr,1982.13,,,,,,,,,,,,,,,,,,,,,,,,
,Plaeto Aspire School Shoes (Size 01 UK) - Black,,,,8 Pr,813.39/Pr,6507.12,,,,,,,,,,,,,,,,,,,,,,,,
,Plaeto Aspire School Shoes (Size 02 UK) - Black,,,,3 Pr,813.39/Pr,2440.17,,,,,,,,,,,,,,,,,,,,,,,,
,Plaeto Aspire School Shoes (Size 03 UK) - Black,,,,2 Pr,813.39/Pr,1626.78,,,,,,,,,,,,,,,,,,,,,,,,
,Plaeto Aspire School Shoes (Size 04 UK) - Black,,,,2 Pr,813.39/Pr,1626.78,,,,,,,,,,,,,,,,,,,,,,,,
,Plaeto Aspire School Shoes (Size 05 UK) - Black,,,,2 Pr,864.29/Pr,1728.58,,,,,,,,,,,,,,,,,,,,,,,,
,Plaeto Aspire School Shoes (Size 06 UK) - Black,,,,3 Pr,864.29/Pr,2592.87,,,,,,,,,,,,,,,,,,,,,,,,
,Plaeto Aspire School Shoes (Size 07 UK) - Black,,,,7 Pr,864.29/Pr,6050.03,,,,,,,,,,,,,,,,,,,,,,,,
,Plaeto Aspire School Shoes (Size 08 UK) - Black,,,,5 Pr,864.29/Pr,4321.45,,,,,,,,,,,,,,,,,,,,,,,,
,Plaeto Aspire School Shoes (Size 09 UK) - Black,,,,2 Pr,864.29/Pr,1728.58,,,,,,,,,,,,,,,,,,,,,,,,
,Plaeto Aspire School Shoes (Size 10 UK) - Black,,,,1 Pr,864.29/Pr,864.29,,,,,,,,,,,,,,,,,,,,,,,,
,Plaeto Aspire School Shoes (Size 11 UK) - Black,,,,1 Pr,864.29/Pr,864.29,,,,,,,,,,,,,,,,,,,,,,,,
05-Aug-25,Radcliffe Education Pvt Ltd (M),PSB25-26/INV-913,PSB25-26/INV-913,Being Sale of Goods - Accounted,16 Pr,,12352.66,13835.00 Dr,12352.66 Cr,,0.02 Cr,,,1482.32 Cr,,,,,,,,,,,,,,,,,
,Plaeto Aspire School Shoes (Size 07 C) - Black,,,,1 Pr,660.71/Pr,660.71,,,,,,,,,,,,,,,,,,,,,,,,
,Plaeto Aspire School Shoes (Size 11 C) - Black,,,,1 Pr,660.71/Pr,660.71,,,,,,,,,,,,,,,,,,,,,,,,
,Plaeto Aspire School Shoes (Size 12 C) - Black,,,,1 Pr,660.71/Pr,660.71,,,,,,,,,,,,,,,,,,,,,,,,
,Plaeto Aspire School Shoes (Size 13 C) - Black,,,,3 Pr,660.71/Pr,1982.13,,,,,,,,,,,,,,,,,,,,,,,,
,Plaeto Aspire School Shoes (Size 01 UK) - Black,,,,2 Pr,813.39/Pr,1626.78,,,,,,,,,,,,,,,,,,,,,,,,
,Plaeto Aspire School Shoes (Size 03 UK) - Black,,,,3 Pr,813.39/Pr,2440.17,,,,,,,,,,,,,,,,,,,,,,,,
,Plaeto Aspire School Shoes (Size 05 UK) - Black,,,,1 Pr,864.29/Pr,864.29,,,,,,,,,,,,,,,,,,,,,,,,
,Plaeto Aspire School Shoes (Size 07 UK) - Black,,,,1 Pr,864.29/Pr,864.29,,,,,,,,,,,,,,,,,,,,,,,,
,Plaeto Aspire School Shoes (Size 08 UK) - Black,,,,1 Pr,864.29/Pr,864.29,,,,,,,,,,,,,,,,,,,,,,,,
,Plaeto Aspire School Shoes (Size 09 UK) - Black,,,,2 Pr,864.29/Pr,1728.58,,,,,,,,,,,,,,,,,,,,,,,,
06-Aug-25,Unipro (S),PSB25-26/INV-914,PSB25-26/INV-914,Being Sale of Goods - Accounted,15 Pr,,19980.00,23576.00 Dr,19980.00 Cr,,0.40 Dr,1798.20 Cr,1798.20 Cr,,,,,,,,,,,,,,,,,,
,Reebok Prodigy Shoe (Size 06 Y) - White,,,,2 Pr,1215.00/Pr,2430.00,,,,,,,,,,,,,,,,,,,,,,,,
,Reebok Prodigy Shoe (Size 07 US) - White,,,,2 Pr,1350.00/Pr,2700.00,,,,,,,,,,,,,,,,,,,,,,,,
,Reebok Prodigy Shoe (Size 08 US) - White,,,,2 Pr,1350.00/Pr,2700.00,,,,,,,,,,,,,,,,,,,,,,,,
,Reebok Prodigy Shoe (Size 09 US) - White,,,,2 Pr,1350.00/Pr,2700.00,,,,,,,,,,,,,,,,,,,,,,,,
,Reebok Prodigy Shoe (Size 10 US) - White,,,,4 Pr,1350.00/Pr,5400.00,,,,,,,,,,,,,,,,,,,,,,,,
,Reebok Prodigy Shoe (Size 13 US) - White,,,,1 Pr,1350.00/Pr,1350.00,,,,,,,,,,,,,,,,,,,,,,,,
,Reebok Prodigy Shoe (Size 10 US) - Black,,,,2 Pr,1350.00/Pr,2700.00,,,,,,,,,,,,,,,,,,,,,,,,
06-Aug-25,Walk-King Shoe Company,PSB25-26/INV-915,PSB25-26/INV-915,Being Sale of Goods - Accounted,150 Pr,,183885.00,216984.00 Dr,183885.00 Cr,33099.30 Cr,0.30 Dr,,,,,,,,,,,,,,,,,,,,
,Reebok Prodigy Shoe (Size 01 Y) - Black,,,,5 Pr,1107.00/Pr,5535.00,,,,,,,,,,,,,,,,,,,,,,,,
,Reebok Prodigy Shoe (Size 08 US) - Black,,,,15 Pr,1230.00/Pr,18450.00,,,,,,,,,,,,,,,,,,,,,,,,
,Reebok Prodigy Shoe (Size 09 US) - Black,,,,10 Pr,1230.00/Pr,12300.00,,,,,,,,,,,,,,,,,,,,,,,,
,Reebok Prodigy Shoe (Size 10 US) - Black,,,,15 Pr,1230.00/Pr,18450.00,,,,,,,,,,,,,,,,,,,,,,155058.00 Cr,589.00 Cr,65081.00 Cr
,Reebok Prodigy Shoe (Size 11 US) - Black,,,,15 Pr,1230.00/Pr,18450.00,,,,,,,,,,,,,,,,,,,,,,155058.00 Cr,589.00 Cr,65081.00 Cr
,Reebok Prodigy Shoe (Size 12 US) - Black,,,,40 Pr,1230.00/Pr,49200.00,,,,,,,,,,,,,,,,,,,,,,,,
,Reebok Prodigy Shoe (Size 13 US) - Black,,,,50 Pr,1230.00/Pr,61500.00,,,,,,,,,,,,,,,,,,,,,,,,
06-Aug-25,Walk-King Shoe Company,PSB25-26/INV-916,PSB25-26/INV-916,Being Sale of Goods - Accounted,5 Pr,,7380.00,8708.00 Dr,7380.00 Cr,1328.40 Cr,0.40 Dr,,,,,,,,,,,,,,,,,,,,
,Reebok Champion Shoe (Size 08 US) - Black,,,,2 Pr,1476.00/Pr,2952.00,,,,,,,,,,,,,,,,,,,,,,,,
,Reebok Champion Shoe (Size 09 US) - Black,,,,2 Pr,1476.00/Pr,2952.00,,,,,,,,,,,,,,,,,,,,,,,,
,Reebok Champion Shoe (Size 11 US) - Black,,,,1 Pr,1476.00/Pr,1476.00,,,,,,,,,,,,,,,,,,,,,,,,
06-Aug-25,ETERNAL TRADING CO,PSB25-26/INV-917,PSB25-26/INV-917,Being Sale of Goods - Accounted,47 Pr,,35625.00,39900.00 Dr,35625.00 Cr,,,,,4275.00 Cr,,,,,,,,,,,,,,,,,
,Plaeto Aspire School Shoes (Size 10 C) - Black,,,,3 Pr,675.00/Pr,2025.00,,,,,,,,,,,,,,,,,,,,,,,,
,Plaeto Aspire School Shoes (Size 11 C) - Black,,,,8 Pr,675.00/Pr,5400.00,,,,,,,,,,,,,,,,,,,,,,,,
,Plaeto Aspire School Shoes (Size 12 C) - Black,,,,7 Pr,675.00/Pr,4725.00,,,,,,,,,,,,,,,,,,,,,,,,
,Plaeto Aspire School Shoes (Size 13 C) - Black,,,,8 Pr,675.00/Pr,5400.00,,,,,,,,,,,,,,,,,,,,,,,,
,Plaeto Aspire School Shoes (Size 01 UK) - Black,,,,4 Pr,831.00/Pr,3324.00,,,,,,,,,,,,,,,,,,,,,,,,
,Plaeto Aspire School Shoes (Size 04 UK) - Black,,,,5 Pr,831.00/Pr,4155.00,,,,,,,,,,,,,,,,,,,,,,,,
,Plaeto Aspire School Shoes (Size 06 UK) - Black,,,,5 Pr,883.00/Pr,4415.00,,,,,,,,,,,,,,,,,,,,,,,,
,Plaeto Aspire School Shoes (Size 08 UK) - Black,,,,1 Pr,883.00/Pr,883.00,,,,,,,,,,,,,,,,,,,,,,,,
,Plaeto Aspire School Shoes (Size 10 UK) - Black,,,,2 Pr,883.00/Pr,1766.00,,,,,,,,,,,,,,,,,,,,,,,,
,Plaeto Aspire School Shoes (Size 11 UK) - Black,,,,4 Pr,883.00/Pr,3532.00,,,,,,,,,,,,,,,,,,,,,,,,
07-Aug-25,Gubbacci Apparel Pvt Ltd,PSB25-26/INV-918,PSB25-26/INV-918,Being Sale of Goods - Accounted,208 Pr,,141033.42,157957.00 Dr,141033.42 Cr,,0.46 Dr,,,,8462.02 Cr,8462.02 Cr,,,,,,,,,,,,,,,
,Nivia - Mesh Rubber Sole Shoes (Size 10 K) - Black,,,,15 Pr,654.46/Pr,9816.90,,,,,,,,,,,,,,,,,,,,,,,,
,Nivia - Mesh Rubber Sole Shoes (Size 11 K) - Black,,,,2 Pr,654.46/Pr,1308.92,,,,,,,,,,,,,,,,,,,,,,,,
,Nivia - Mesh Rubber Sole Shoes (Size 12 K) - Black,,,,6 Pr,654.46/Pr,3926.76,,,,,,,,,,,,,,,,,,,,,,,,
,Nivia - Mesh Rubber Sole Shoes (Size 13 K) - Black,,,,10 Pr,654.46/Pr,6544.60,,,,,,,,,,,,,,,,,,,,,,,,
,Nivia - Mesh Rubber Sole Shoes (Size 02 UK) - Black,,,,8 Pr,654.46/Pr,5235.68,,,,,,,,,,,,,,,,,,,,,,,,
,Nivia - Mesh Rubber Sole Shoes (Size 03 UK) - Black,,,,5 Pr,654.46/Pr,3272.30,,,,,,,,,,,,,,,,,,,,,,,,
,Nivia - Mesh Rubber Sole Shoes (Size 04 UK) - Black,,,,15 Pr,654.46/Pr,9816.90,,,,,,,,,,,,,,,,,,,,,,,,
,Nivia - Mesh Rubber Sole Shoes (Size 05 UK) - Black,,,,13 Pr,654.46/Pr,8507.98,,,,,,,,,,,,,,,,,,,,,,,,
,Nivia - Mesh Rubber Sole Shoes (Size 06 UK) - Black,,,,28 Pr,691.07/Pr,19349.96,,,,,,,,,,,,,,,,,,,,,,,,
,Nivia - Mesh Rubber Sole Shoes (Size 07 UK) - Black,,,,23 Pr,691.07/Pr,15894.61,,,,,,,,,,,,,,,,,,,,,,,,
,Nivia - Mesh Rubber Sole Shoes (Size 08 UK) - Black,,,,13 Pr,691.07/Pr,8983.91,,,,,,,,,,,,,,,,,,,,,,,,
,Nivia - Mesh Rubber Sole Shoes (Size 09 UK) - Black,,,,12 Pr,691.07/Pr,8292.84,,,,,,,,,,,,,,,,,,,,,,,,
,Nivia - Mesh Rubber Sole Shoes (Size 10 UK) - Black,,,,25 Pr,691.07/Pr,17276.75,,,,,,,,,,,,,,,,,,,,,,,,
,Nivia - Mesh Rubber Sole Shoes (Size 11 UK) - Black,,,,27 Pr,691.07/Pr,18658.89,,,,,,,,,,,,,,,,,,,,,,,,
,Nivia - Mesh Rubber Sole Shoes (Size 12 UK) - Black,,,,6 Pr,691.07/Pr,4146.42,,,,,,,,,,,,,,,,,,,,,,,,
08-Aug-25,GoScholar,PSB25-26/INV-919,PSB25-26/INV-919,Being Sale of Goods - Accounted,12 Pr,,15168.00,17898.00 Dr,15168.00 Cr,2730.24 Cr,0.24 Dr,,,,,,,,,,,,,,,,,,,,
,Plaeto Nova School Shoes (Size 01 UK) - Black,,,,1 Pr,1200.00/Pr,1200.00,,,,,,,,,,,,,,,,,,,,,,,,
,Plaeto Nova School Shoes (Size 02 UK) - Black,,,,2 Pr,1200.00/Pr,2400.00,,,,,,,,,,,,,,,,,,,,,,,,
,Plaeto Nova School Shoes (Size 04 UK) - Black,,,,1 Pr,1200.00/Pr,1200.00,,,,,,,,,,,,,,,,,,,,,,,,
,Plaeto Nova School Shoes (Size 05 UK) - Black,,,,1 Pr,1296.00/Pr,1296.00,,,,,,,,,,,,,,,,,,,,,,,,
,Plaeto Nova School Shoes (Size 06 UK) - Black,,,,1 Pr,1296.00/Pr,1296.00,,,,,,,,,,,,,,,,,,,,,,,,
,Plaeto Nova School Shoes (Size 09 UK) - Black,,,,1 Pr,1296.00/Pr,1296.00,,,,,,,,,,,,,,,,,,,,,,,,
,Plaeto Nova School Shoes (Size 10 UK) - Black,,,,1 Pr,1296.00/Pr,1296.00,,,,,,,,,,,,,,,,,,,,,,,,
,Plaeto Nova School Shoes (Size 12 UK) - Black,,,,4 Pr,1296.00/Pr,5184.00,,,,,,,,,,,,,,,,,,,,,,,,
08-Aug-25,GoScholar,PSB25-26/INV-920,PSB25-26/INV-920,Being Sale of Goods - Accounted,4 Pr,,3166.00,3546.00 Dr,3166.00 Cr,,0.08 Cr,,,379.92 Cr,,,,,,,,,,,,,,,,,
,Plaeto Aspire School Shoes (Size 13 C) - Black,,,,2 Pr,686.00/Pr,1372.00,,,,,,,,,,,,,,,,,,,,,,,,
,Plaeto Aspire School Shoes (Size 11 UK) - Black,,,,1 Pr,897.00/Pr,897.00,,,,,,,,,,,,,,,,,,,,,,,,
,Plaeto Aspire School Shoes (Size 12 UK) - Black,,,,1 Pr,897.00/Pr,897.00,,,,,,,,,,,,,,,,,,,,,,,,
08-Aug-25,Gubbacci Apparel Pvt Ltd,PSB25-26/INV-921,PSB25-26/INV-921,Being Sale of Goods - Accounted,150 Pr,,206976.00,244232.00 Dr,206976.00 Cr,,0.32 Cr,18627.84 Cr,18627.84 Cr,,,,,,,,,,,,,,,,,,
,Reebok Prodigy Shoe (Size 09 C) - Black,,,,5 Pr,1323.00/Pr,6615.00,,,,,,,,,,,,,,,,,,,,,,,,
,Reebok Prodigy Shoe (Size 10 C) - Black,,,,3 Pr,1323.00/Pr,3969.00,,,,,,,,,,,,,,,,,,,,,,,,
,Reebok Prodigy Shoe (Size 11 C) - Black,,,,11 Pr,1323.00/Pr,14553.00,,,,,,,,,,,,,,,,,,,,,,,,
,Reebok Prodigy Shoe (Size 12 C) - Black,,,,5 Pr,1323.00/Pr,6615.00,,,,,,,,,,,,,,,,,,,,,,,,
,Reebok Prodigy Shoe (Size 13 C) - Black,,,,20 Pr,1323.00/Pr,26460.00,,,,,,,,,,,,,,,,,,,,,,,,
,Reebok Prodigy Shoe (Size 01 Y) - Black,,,,20 Pr,1323.00/Pr,26460.00,,,,,,,,,,,,,,,,,,,,,,,,
,Reebok Prodigy Shoe (Size 02 Y) - Black,,,,8 Pr,1323.00/Pr,10584.00,,,,,,,,,,,,,,,,,,,,,,,,
,Reebok Prodigy Shoe (Size 03 Y) - Black,,,,5 Pr,1323.00/Pr,6615.00,,,,,,,,,,,,,,,,,,,,,,,,
,Reebok Prodigy Shoe (Size 04 Y) - Black,,,,5 Pr,1323.00/Pr,6615.00,,,,,,,,,,,,,,,,,,,,,,,,
,Reebok Prodigy Shoe (Size 05 Y) - Black,,,,5 Pr,1323.00/Pr,6615.00,,,,,,,,,,,,,,,,,,,,,,,,
,Reebok Prodigy Shoe (Size 06 Y) - Black,,,,5 Pr,1323.00/Pr,6615.00,,,,,,,,,,,,,,,,,,,,,,,,
,Reebok Prodigy Shoe (Size 07 US) - Black,,,,10 Pr,1470.00/Pr,14700.00,,,,,,,,,,,,,,,,,,,,,,,,
,Reebok Prodigy Shoe (Size 08 US) - Black,,,,4 Pr,1470.00/Pr,5880.00,,,,,,,,,,,,,,,,,,,,,,,,
,Reebok Prodigy Shoe (Size 09 US) - Black,,,,8 Pr,1470.00/Pr,11760.00,,,,,,,,,,,,,,,,,,,,,,,,
,Reebok Prodigy Shoe (Size 10 US) - Black,,,,8 Pr,1470.00/Pr,11760.00,,,,,,,,,,,,,,,,,,,,,,,,
,Reebok Prodigy Shoe (Size 11 US) - Black,,,,8 Pr,1470.00/Pr,11760.00,,,,,,,,,,,,,,,,,,,,,,,,
,Reebok Prodigy Shoe (Size 12 US) - Black,,,,5 Pr,1470.00/Pr,7350.00,,,,,,,,,,,,,,,,,,,,,,,,
,Reebok Prodigy Shoe (Size 13 US) - Black,,,,12 Pr,1470.00/Pr,17640.00,,,,,,,,,,,,,,,,,,,,,,,,
,Reebok Prodigy Shoe (Size 14 US) - Black,,,,3 Pr,1470.00/Pr,4410.00,,,,,,,,,,,,,,,,,,,,,,,,
08-Aug-25,Gubbacci Apparel Pvt Ltd,PSB25-26/INV-922,PSB25-26/INV-922,Being Sale of Goods - Accounted,27 Pr,,35721.00,42151.00 Dr,35721.00 Cr,,0.22 Cr,3214.89 Cr,3214.89 Cr,,,,,,,,,,,,,,,,,,
,Reebok Prodigy Shoe (Size 11 C) - Black,,,,9 Pr,1323.00/Pr,11907.00,,,,,,,,,,,,,,,,,,,,,,,,
,Reebok Prodigy Shoe (Size 12 C) - Black,,,,10 Pr,1323.00/Pr,13230.00,,,,,,,,,,,,,,,,,,,,,,,,
,Reebok Prodigy Shoe (Size 13 C) - Black,,,,8 Pr,1323.00/Pr,10584.00,,,,,,,,,,,,,,,,,,,,,,,,
08-Aug-25,The Landmark School,PSB25-26/INV-923,PSB25-26/INV-923,Being Sale of Goods - Accounted,6 Pr,,8299.98,9794.00 Dr,8299.98 Cr,,0.04 Cr,746.99 Cr,746.99 Cr,,,,,,,,,,,,,,,,,,
,Plaeto Nova School Shoes (Size 08C) - Black,,,,1 Pr,1083.90/Pr,1083.90,,,,,,,,,,,,,,,,,,,,,,,,
,Plaeto Nova School Shoes (Size 02 UK) - Black,,,,1 Pr,1355.08/Pr,1355.08,,,,,,,,,,,,,,,,,,,,,,,,
,Plaeto Nova School Shoes (Size 06 UK) - Black,,,,1 Pr,1465.25/Pr,1465.25,,,,,,,,,,,,,,,,,,,,,,,,
,Plaeto Nova School Shoes (Size 07 UK) - Black,,,,1 Pr,1465.25/Pr,1465.25,,,,,,,,,,,,,,,,,,,,,,,,
,Plaeto Nova School Shoes (Size 09 UK) - Black,,,,1 Pr,1465.25/Pr,1465.25,,,,,,,,,,,,,,,,,,,,,,,,
,Plaeto Nova School Shoes (Size 08 UK) - White,,,,1 Pr,1465.25/Pr,1465.25,,,,,,,,,,,,,,,,,,,,,,,,
08-Aug-25,Delhi Public School - Whitefield,PSB25-26/INV-924,PSB25-26/INV-924,Being Sale of Goods - Accounted,4 Pr,,7216.93,8516.00 Dr,7216.93 Cr,,0.01 Cr,649.53 Cr,649.53 Cr,,,,,,,,,,,,,,,,,,
,Plaeto Nova School Shoes (Size 02 UK) - Black,,,,1 Pr,1651.69/Pr,1651.69,,,,,,,,,,,,,,,,,,,,,,,,
,Plaeto Nova School Shoes (Size 05 UK) - Black,,,,1 Pr,1855.08/Pr,1855.08,,,,,,,,,,,,,,,,,,,,,,,,
,Plaeto Nova School Shoes (Size 07 UK) - Black,,,,1 Pr,1855.08/Pr,1855.08,,,,,,,,,,,,,,,,,,,,,,,,
,Plaeto Nova School Shoes (Size 09 UK) - Black,,,,1 Pr,1855.08/Pr,1855.08,,,,,,,,,,,,,,,,,,,,,,,,
11-Aug-25,Walk-King Shoe Company,PSB25-26/INV-925,PSB25-26/INV-925,Being Sale of Goods - Accounted,12 Pr,,16851.00,19884.00 Dr,16851.00 Cr,3033.18 Cr,0.18 Dr,,,,,,,,,,,,,,,,,,,,
,Reebok Champion Shoe (Size 06 Y) - Black,,,,7 Pr,1353.00/Pr,9471.00,,,,,,,,,,,,,,,,,,,,,,,,
,Reebok Champion Shoe (Size 08 US) - Black,,,,3 Pr,1476.00/Pr,4428.00,,,,,,,,,,,,,,,,,,,,,,,,
,Reebok Champion Shoe (Size 09 US) - Black,,,,2 Pr,1476.00/Pr,2952.00,,,,,,,,,,,,,,,,,,,,,,,,
11-Aug-25,"Miners Pocket Books Pvt Ltd.,",PSB25-26/INV-926,PSB25-26/INV-926,Being Sale of Goods - Accounted,67 Pr,,13147.33,15925.00 Dr,13147.33 Cr,,,,,1706.24 Cr,,,1071.43 Cr,,,,,,,,,,,,,,
,Paragon Sandals (Size 8 K),,,,6 Pr,193.75/Pr,1162.50,,,,,,,,,,,,,,,,,,,,,,,,
,Paragon Sandals (Size 9 K),,,,14 Pr,193.75/Pr,2712.50,,,,,,,,,,,,,,,,,,,,,,,,
,Paragon Sandals (Size 10 K),,,,25 Pr,193.75/Pr,4843.75,,,,,,,,,,,,,,,,,,,,,,,,
,Paragon Sandals (Size 11 K),,,,16 Pr,193.75/Pr,3100.00,,,,,,,,,,,,,,,,,,,,,,,,
,Paragon Sandals (Size 12 K),,,,3 Pr,221.43/Pr,664.29,,,,,,,,,,,,,,,,,,,,,,,,
,Paragon Sandals (Size 13 K),,,,1 Pr,221.43/Pr,221.43,,,,,,,,,,,,,,,,,,,,,,,,
,Paragon Sandals (Size 1 B),,,,2 Pr,221.43/Pr,442.86,,,,,,,,,,,,,,,,,,,,,,,,
11-Aug-25,"Miners Pocket Books Pvt Ltd.,",PSB25-26/INV-927,PSB25-26/INV-927,Being Sale of Goods - Accounted,34 Pr,,6864.30,8288.00 Dr,6864.30 Cr,,0.02 Dr,,,888.01 Cr,,,535.71 Cr,,,,,,,,,,,,,,
,Paragon Sandals (Size 8 K),,,,1 Pr,193.75/Pr,193.75,,,,,,,,,,,,,,,,,,,,,,,,
,Paragon Sandals (Size 9 K),,,,3 Pr,193.75/Pr,581.25,,,,,,,,,,,,,,,,,,,,,,,,
,Paragon Sandals (Size 10 K),,,,7 Pr,193.75/Pr,1356.25,,,,,,,,,,,,,,,,,,,,,,,,
,Paragon Sandals (Size 11 K),,,,13 Pr,193.75/Pr,2518.75,,,,,,,,,,,,,,,,,,,,,,,,
,Paragon Sandals (Size 12 K),,,,6 Pr,221.43/Pr,1328.58,,,,,,,,,,,,,,,,,,,,,,,,
,Paragon Sandals (Size 13 K),,,,4 Pr,221.43/Pr,885.72,,,,,,,,,,,,,,,,,,,,,,,,
11-Aug-25,"Miners Pocket Books Pvt Ltd.,",PSB25-26/INV-928,PSB25-26/INV-928,Being Sale of Goods - Accounted,25 Pr,,5037.51,6242.00 Dr,5037.51 Cr,,0.01 Dr,,,668.79 Cr,,,535.71 Cr,,,,,,,,,,,,,,
,Paragon Sandals (Size 9 K),,,,3 Pr,193.75/Pr,581.25,,,,,,,,,,,,,,,,,,,,,,,,
,Paragon Sandals (Size 10 K),,,,7 Pr,193.75/Pr,1356.25,,,,,,,,,,,,,,,,,,,,,,,,
,Paragon Sandals (Size 11 K),,,,8 Pr,193.75/Pr,1550.00,,,,,,,,,,,,,,,,,,,,,,,,
,Paragon Sandals (Size 12 K),,,,5 Pr,221.43/Pr,1107.15,,,,,,,,,,,,,,,,,,,,,,,,
,Paragon Sandals (Size 13 K),,,,2 Pr,221.43/Pr,442.86,,,,,,,,,,,,,,,,,,,,,,,,
11-Aug-25,"Miners Pocket Books Pvt Ltd.,",PSB25-26/INV-929,PSB25-26/INV-929,Being Sale of Goods - Accounted,38 Pr,,7611.62,9125.00 Dr,7611.62 Cr,,,,,977.67 Cr,,,,535.71 Cr,,,,,,,,,,,,,
,Paragon Sandals (Size 8 K),,,,3 Pr,193.75/Pr,581.25,,,,,,,,,,,,,,,,,,,,,,,,
,Paragon Sandals (Size 9 K),,,,6 Pr,193.75/Pr,1162.50,,,,,,,,,,,,,,,,,,,,,,,,
,Paragon Sandals (Size 10 K),,,,7 Pr,193.75/Pr,1356.25,,,,,,,,,,,,,,,,,,,,,,,,
,Paragon Sandals (Size 11 K),,,,13 Pr,193.75/Pr,2518.75,,,,,,,,,,,,,,,,,,,,,,,,
,Paragon Sandals (Size 12 K),,,,8 Pr,221.43/Pr,1771.44,,,,,,,,,,,,,,,,,,,,,,,,
,Paragon Sandals (Size 13 K),,,,1 Pr,221.43/Pr,221.43,,,,,,,,,,,,,,,,,,,,,,,,
11-Aug-25,RAKHRA THE SPORTS HOUSE,PSB25-26/INV-930,PSB25-26/INV-930,Being Sale of Goods - Accounted,3 Pr,,2685.00,3007.00 Dr,2685.00 Cr,,0.20 Dr,,,,161.10 Cr,161.10 Cr,,,,,,,,,,,,,,,
,Plaeto Aspire School Shoes (Size 07 UK) - White,,,,1 Pr,895.00/Pr,895.00,,,,,,,,,,,,,,,,,,,,,,,,
,Plaeto Aspire School Shoes (Size 08 UK) - White,,,,2 Pr,895.00/Pr,1790.00,,,,,,,,,,,,,,,,,,,,,,,,
11-Aug-25,RAKHRA THE SPORTS HOUSE,PSB25-26/INV-931,PSB25-26/INV-931,Being Sale of Goods - Accounted,9 Pr,,10569.92,12298.00 Dr,10569.92 Cr,,0.02 Cr,689.49 Cr,689.49 Cr,,174.54 Cr,174.54 Cr,,,,,,,,,,,,,,,
,Plaeto Nova School Shoes (Size 09C) - Black,,,,1 Pr,969.64/Pr,969.64,,,,,,,,,,,,,,,,,,,,,,,,
,Plaeto Nova School Shoes (Size 10 C) - Black,,,,1 Pr,969.64/Pr,969.64,,,,,,,,,,,,,,,,,,,,,,,,
,Plaeto Nova School Shoes (Size 11 C) - Black,,,,1 Pr,969.64/Pr,969.64,,,,,,,,,,,,,,,,,,,,,,,,
,Plaeto Nova School Shoes (Size 02 UK) - Black,,,,2 Pr,1211.86/Pr,2423.72,,,,,,,,,,,,,,,,,,,,,,,,
,Plaeto Nova School Shoes (Size 06 UK) - Black,,,,3 Pr,1309.32/Pr,3927.96,,,,,,,,,,,,,,,,,,,,,,,,
,Plaeto Nova School Shoes (Size 10 UK) - Black,,,,1 Pr,1309.32/Pr,1309.32,,,,,,,,,,,,,,,,,,,,,,,,
12-Aug-25,COD - Brigade J.P.Nagar ***,PSB25-26/INV-932,PSB25-26/INV-932,Being Sale of Goods - Accounted,10 Pr,,10.00,11.00 Dr,10.00 Cr,,0.20 Dr,,,,0.60 Cr,0.60 Cr,,,,,,,,,,,,,,,
,Plaeto Block 5 Shoes (Size 11 UK) - Navy Black,,,,1 Pr,1.00/Pr,1.00,,,,,,,,,,,,,,,,,,,,,,,,
,Plaeto Block 5 Shoes (Size 08 UK) - Navy Black,,,,4 Pr,1.00/Pr,4.00,,,,,,,,,,,,,,,,,,,,,,,,
,Plaeto Block 5 Shoes (Size 05 UK) - Beige Blue,,,,2 Pr,1.00/Pr,2.00,,,,,,,,,,,,,,,,,,,,,,,,
,Plaeto Block 5 Shoes (Size 06 UK) - Beige Blue,,,,1 Pr,1.00/Pr,1.00,,,,,,,,,,,,,,,,,,,,,,,,
,Plaeto Block 5 Shoes (Size 09 UK) - Navy Black,,,,2 Pr,1.00/Pr,2.00,,,,,,,,,,,,,,,,,,,,,,,,
12-Aug-25,COD - Brigade Mahadevapura ***,PSB25-26/INV-933,PSB25-26/INV-933,Being Sale of Goods - Accounted,8 Pr,,8.00,9.00 Dr,8.00 Cr,,0.04 Cr,,,,0.48 Cr,0.48 Cr,,,,,,,,,,,,,,,
,Plaeto Block 5 Shoes (Size 10 UK) - Navy Black,,,,2 Pr,1.00/Pr,2.00,,,,,,,,,,,,,,,,,,,,,,,,
,Plaeto Block 5 Shoes (Size 11 UK) - Navy Black,,,,1 Pr,1.00/Pr,1.00,,,,,,,,,,,,,,,,,,,,,,,,
,Plaeto Block 5 Shoes (Size 09 UK) - Navy Black,,,,2 Pr,1.00/Pr,2.00,,,,,,,,,,,,,,,,,,,,,,,,
,Plaeto Block 5 Shoes (Size 05 UK) - Beige Blue,,,,1 Pr,1.00/Pr,1.00,,,,,,,,,,,,,,,,,,,,,,,,
,Plaeto Block 5 Shoes (Size 06 UK) - Beige Blue,,,,1 Pr,1.00/Pr,1.00,,,,,,,,,,,,,,,,,,,,,,,,
,Plaeto Block 5 Shoes (Size 08 UK) - Beige Blue,,,,1 Pr,1.00/Pr,1.00,,,,,,,,,,,,,,,,,,,,,,,,
12-Aug-25,COD - Brigade Malleshwaram***,PSB25-26/INV-934,PSB25-26/INV-934,Being Sale of Goods - Accounted,10 Pr,,10.00,11.00 Dr,10.00 Cr,,0.20 Dr,,,,0.60 Cr,0.60 Cr,,,,,,,,,,,,,,,
,Plaeto Block 5 Shoes (Size 11 UK) - Navy Black,,,,1 Pr,1.00/Pr,1.00,,,,,,,,,,,,,,,,,,,,,,,,
,Plaeto Block 5 Shoes (Size 07 UK) - Navy Black,,,,2 Pr,1.00/Pr,2.00,,,,,,,,,,,,,,,,,,,,,,,,
,Plaeto Block 5 Shoes (Size 08 UK) - Navy Black,,,,3 Pr,1.00/Pr,3.00,,,,,,,,,,,,,,,,,,,,,,,,
,Plaeto Block 5 Shoes (Size 09 UK) - Navy Black,,,,3 Pr,1.00/Pr,3.00,,,,,,,,,,,,,,,,,,,,,,,,
,Plaeto Block 5 Shoes (Size 07 UK) - Beige Blue,,,,1 Pr,1.00/Pr,1.00,,,,,,,,,,,,,,,,,,,,,,,,
12-Aug-25,JYOTHY KENDRIYA VIDYALAYA (D),PSB25-26/INV-935,PSB25-26/INV-935,Being Sale of Goods - Accounted,200 Pr,,17142.00,17999.00 Dr,17142.00 Cr,,0.12 Dr,,,,,,,,428.56 Cr,428.56 Cr,,,,,,,,,,,
,JKV Navy Penoy Crew Socks with 3 Rings - (P/1) - M,,,,100 Pr,85.71/Pr,8571.00,,,,,,,,,,,,,,,,,,,,,,,,
,JKV Navy Penoy Crew Socks with Rings Colour - (P/1) - L,,,,100 Pr,85.71/Pr,8571.00,,,,,,,,,,,,,,,,,,,,,,,,
13-Aug-25,Scholar Clothing Co.,PSB25-26/INV-936,PSB25-26/INV-936,Being Sale of Goods - Accounted,145 Pr,,190512.00,224804.00 Dr,190512.00 Cr,,0.16 Dr,17146.08 Cr,17146.08 Cr,,,,,,,,,,,,,,,,,,
,Reebok Prodigy Shoe (Size 10 C) - Black,,,,1 Pr,1296.00/Pr,1296.00,,,,,,,,,,,,,,,,,,,,,,,,
,Reebok Prodigy Shoe (Size 11 C) - Black,,,,4 Pr,1296.00/Pr,5184.00,,,,,,,,,,,,,,,,,,,,,,,,
,Reebok Prodigy Shoe (Size 12 C) - Black,,,,10 Pr,1296.00/Pr,12960.00,,,,,,,,,,,,,,,,,,,,,,,,
,Reebok Prodigy Shoe (Size 13 C) - Black,,,,6 Pr,1296.00/Pr,7776.00,,,,,,,,,,,,,,,,,,,,,,,,
,Reebok Prodigy Shoe (Size 01 Y) - Black,,,,10 Pr,1296.00/Pr,12960.00,,,,,,,,,,,,,,,,,,,,,,,,
,Reebok Prodigy Shoe (Size 02 Y) - Black,,,,14 Pr,1296.00/Pr,18144.00,,,,,,,,,,,,,,,,,,,,,,,,
,Reebok Prodigy Shoe (Size 03 Y) - Black,,,,10 Pr,1296.00/Pr,12960.00,,,,,,,,,,,,,,,,,,,,,,,,
,Reebok Prodigy Shoe (Size 04 Y) - Black,,,,12 Pr,1296.00/Pr,15552.00,,,,,,,,,,,,,,,,,,,,,,,,
,Reebok Prodigy Shoe (Size 05 Y) - Black,,,,4 Pr,1296.00/Pr,5184.00,,,,,,,,,,,,,,,,,,,,,,,,
,Reebok Prodigy Shoe (Size 06 Y) - Black,,,,7 Pr,1296.00/Pr,9072.00,,,,,,,,,,,,,,,,,,,,,,,,
,Reebok Prodigy Shoe (Size 07 US) - Black,,,,1 Pr,1440.00/Pr,1440.00,,,,,,,,,,,,,,,,,,,,,,,,
,Reebok Prodigy Shoe (Size 08 US) - Black,,,,3 Pr,1440.00/Pr,4320.00,,,,,,,,,,,,,,,,,,,,,,,,
,Reebok Prodigy Shoe (Size 09 US) - Black,,,,4 Pr,1440.00/Pr,5760.00,,,,,,,,,,,,,,,,,,,,,,,,
,Reebok Prodigy Shoe (Size 10 US) - Black,,,,1 Pr,1440.00/Pr,1440.00,,,,,,,,,,,,,,,,,,,,,,,,
,Reebok Prodigy Shoe (Size 13 C) - White,,,,2 Pr,1296.00/Pr,2592.00,,,,,,,,,,,,,,,,,,,,,,,,
,Reebok Prodigy Shoe (Size 01 Y) - White,,,,4 Pr,1296.00/Pr,5184.00,,,,,,,,,,,,,,,,,,,,,,,,
,Reebok Prodigy Shoe (Size 02 Y) - White,,,,11 Pr,1296.00/Pr,14256.00,,,,,,,,,,,,,,,,,,,,,,,,
,Reebok Prodigy Shoe (Size 03 Y) - White,,,,8 Pr,1296.00/Pr,10368.00,,,,,,,,,,,,,,,,,,,,,,,,
,Reebok Prodigy Shoe (Size 04 Y) - White,,,,13 Pr,1296.00/Pr,16848.00,,,,,,,,,,,,,,,,,,,,,,,,
,Reebok Prodigy Shoe (Size 05 Y) - White,,,,4 Pr,1296.00/Pr,5184.00,,,,,,,,,,,,,,,,,,,,,,,,
,Reebok Prodigy Shoe (Size 06 Y) - White,,,,7 Pr,1296.00/Pr,9072.00,,,,,,,,,,,,,,,,,,,,,,,,
,Reebok Prodigy Shoe (Size 07 US) - White,,,,1 Pr,1440.00/Pr,1440.00,,,,,,,,,,,,,,,,,,,,,,,,
,Reebok Prodigy Shoe (Size 08 US) - White,,,,3 Pr,1440.00/Pr,4320.00,,,,,,,,,,,,,,,,,,,,,,,,
,Reebok Prodigy Shoe (Size 09 US) - White,,,,4 Pr,1440.00/Pr,5760.00,,,,,,,,,,,,,,,,,,,,,,,,
,Reebok Prodigy Shoe (Size 10 US) - White,,,,1 Pr,1440.00/Pr,1440.00,,,,,,,,,,,,,,,,,,,,,,,,
13-Aug-25,MICKEY AND MINNIE CLOTHING,PSB25-26/INV-937,PSB25-26/INV-937,Being Sale of Goods - Accounted,12 Pr,,15684.00,18507.00 Dr,15684.00 Cr,,0.12 Dr,1411.56 Cr,1411.56 Cr,,,,,,,,,,,,,,,,,,
,Plaeto Nova School Shoes (Size 01 UK) - White,,,,2 Pr,1273.00/Pr,2546.00,,,,,,,,,,,,,,,,,,,,,,,,
,Plaeto Nova School Shoes (Size 02 UK) - White,,,,2 Pr,1273.00/Pr,2546.00,,,,,,,,,,,,,,,,,,,,,,,,
,Plaeto Nova School Shoes (Size 03 UK) - White,,,,2 Pr,1273.00/Pr,2546.00,,,,,,,,,,,,,,,,,,,,,,,,
,Plaeto Nova School Shoes (Size 04 UK) - White,,,,2 Pr,1273.00/Pr,2546.00,,,,,,,,,,,,,,,,,,,,,,,,
,Plaeto Nova School Shoes (Size 05 UK) - White,,,,2 Pr,1375.00/Pr,2750.00,,,,,,,,,,,,,,,,,,,,,,,,
,Plaeto Nova School Shoes (Size 06 UK) - White,,,,2 Pr,1375.00/Pr,2750.00,,,,,,,,,,,,,,,,,,,,,,,,
13-Aug-25,Springdays,PSB25-26/INV-938,PSB25-26/INV-938,Being Sale of Goods - Accounted,28 Pcs,,12019.09,12620.00 Dr,12019.09 Cr,,0.05 Dr,,,,,,,,,,600.96 Cr,,,,,,,,,,
,Spring Days - Sublimation Track Pant - Blue,,,,1 Pcs,709.52/Pcs,709.52,,,,,,,,,,,,,,,,,,,,,,,,
,Spring Days - Sublimation Track Pant - Blue,,,,3 Pcs,733.33/Pcs,2199.99,,,,,,,,,,,,,,,,,,,,,,,,
,Spring Days - Sublimation Track Pant - Blue,,,,1 Pcs,757.14/Pcs,757.14,,,,,,,,,,,,,,,,,,,,,,,,
,Spring Days - Sublimation T Shirt - Blue,,,,1 Pcs,495.24/Pcs,495.24,,,,,,,,,,,,,,,,,,,,,,,,
,Spring Days - T Shirt - Peach,,,,1 Pcs,495.24/Pcs,495.24,,,,,,,,,,,,,,,,,,,,,,,,
,Spring Days - Track Pant - Grey,,,,1 Pcs,504.76/Pcs,504.76,,,,,,,,,,,,,,,,,,,,,,,,
,Caps (Blue),,,,20 Pcs,342.86/Pcs,6857.20,,,,,,,,,,,,,,,,,,,,,,,,
13-Aug-25,Sri Kumaran Children's Home,PSB25-26/INV-939,PSB25-26/INV-939,Being Sale of Goods - Accounted,1 Nos,,1.00,1.00 Dr,1.00 Cr,,0.18 Dr,0.09 Cr,0.09 Cr,,,,,,,,,,,,,,,,,,
,Wildcraft Wiki Champ 1+,,,,1 Nos,1.00/Nos,1.00,,,,,,,,,,,,,,,,,,,,,,,,
13-Aug-25,Springdays,PSB25-26/INV-940,PSB25-26/INV-940,Being Sale of Goods - Accounted,41 Pcs,,20942.82,21990.00 Dr,20942.82 Cr,,0.03 Cr,,,,,,,,,,1047.15 Cr,,,,,,,,,,
,Spring Days - Track Pants,,,,3 Pcs,485.71/Pcs,1457.13,,,,,,,,,,,,,,,,,,,,,,,,
,Spring Days - Track Pants,,,,16 Pcs,504.76/Pcs,8076.16,,,,,,,,,,,,,,,,,,,,,,,,
,Spring Days - Track Pants,,,,6 Pcs,514.29/Pcs,3085.74,,,,,,,,,,,,,,,,,,,,,,,,
,Spring Days - T Shirt,,,,2 Pcs,504.76/Pcs,1009.52,,,,,,,,,,,,,,,,,,,,,,,,
,Spring Days - T Shirt,,,,9 Pcs,533.33/Pcs,4799.97,,,,,,,,,,,,,,,,,,,,,,,,
,Spring Days - T Shirt,,,,4 Pcs,542.86/Pcs,2171.44,,,,,,,,,,,,,,,,,,,,,,,,
,Caps (Maroon),,,,1 Pcs,342.86/Pcs,342.86,,,,,,,,,,,,,,,,,,,,,,,,
14-Aug-25,Walk-King Shoe Company,PSB25-26/INV-941,PSB25-26/INV-941,Being Sale of Goods - Accounted,1 Pr,,1476.00,1742.00 Dr,1476.00 Cr,265.68 Cr,0.32 Cr,,,,,,,,,,,,,,,,,,,,
,Reebok Champion Shoe (Size 08 US) - Black,,,,1 Pr,1476.00/Pr,1476.00,,,,,,,,,,,,,,,,,,,,,,,,
14-Aug-25,Walk-King Shoe Company,PSB25-26/INV-942,PSB25-26/INV-942,Being Sale of Goods - Accounted,2 Pr,,2829.00,3338.00 Dr,2829.00 Cr,509.22 Cr,0.22 Dr,,,,,,,,,,,,,,,,,,,,
,Reebok Champion Shoe (Size 06 Y) - Black,,,,1 Pr,1353.00/Pr,1353.00,,,,,,,,,,,,,,,,,,,,,,,,
,Reebok Champion Shoe (Size 11 US) - Black,,,,1 Pr,1476.00/Pr,1476.00,,,,,,,,,,,,,,,,,,,,,,,,
14-Aug-25,Walk-King Shoe Company,PSB25-26/INV-943,PSB25-26/INV-943,Being Sale of Goods - Accounted,1 Pr,,1476.00,1742.00 Dr,1476.00 Cr,265.68 Cr,0.32 Cr,,,,,,,,,,,,,,,,,,,,
,Reebok Champion Shoe (Size 08 US) - Black,,,,1 Pr,1476.00/Pr,1476.00,,,,,,,,,,,,,,,,,,,,,,,,
18-Aug-25,C D Agarwal & Sons,PSB25-26/INV-944,PSB25-26/INV-944,Being Sale of Goods - Accounted,31 Pr,,49949.00,60140.00 Dr,49949.00 Cr,9173.87 Cr,0.18 Cr,,,,,,,,,,,1016.95 Cr,,,,,,,,,
,Puma School Shoes (Size 11 C) - Black,,,,2 Pr,1427.00/Pr,2854.00,,,,,,,,,,,,,,,,,,,,,,,,
,Puma School Shoes (Size 04 UK) - Black,,,,4 Pr,1529.00/Pr,6116.00,,,,,,,,,,,,,,,,,,,,,,,,
,Puma School Shoes (Size 07 UK) - Black,,,,5 Pr,1682.00/Pr,8410.00,,,,,,,,,,,,,,,,,,,,,,,,
,Puma School Shoes (Size 08 UK) - Black,,,,2 Pr,1682.00/Pr,3364.00,,,,,,,,,,,,,,,,,,,,,,,,
,Puma School Shoes (Size 13 C) - White,,,,3 Pr,1427.00/Pr,4281.00,,,,,,,,,,,,,,,,,,,,,,,,
,Puma School Shoes (Size 01 UK) - White,,,,2 Pr,1529.00/Pr,3058.00,,,,,,,,,,,,,,,,,,,,,,,,
,Puma School Shoes (Size 05 UK) - White,,,,3 Pr,1682.00/Pr,5046.00,,,,,,,,,,,,,,,,,,,,,,,,
,Puma School Shoes (Size 06 UK) - White,,,,3 Pr,1682.00/Pr,5046.00,,,,,,,,,,,,,,,,,,,,,,,,
,Puma School Shoes (Size 07 UK) - White,,,,2 Pr,1682.00/Pr,3364.00,,,,,,,,,,,,,,,,,,,,,,,,
,Puma School Shoes (Size 08 UK) - White,,,,3 Pr,1682.00/Pr,5046.00,,,,,,,,,,,,,,,,,,,,,,,,
,Puma School Shoes (Size 10 UK) - White,,,,2 Pr,1682.00/Pr,3364.00,,,,,,,,,,,,,,,,,,,,,,,,
19-Aug-25,Walk-King Shoe Company,PSB25-26/INV-945,PSB25-26/INV-945,Being Sale of Goods - Accounted,3 Pr,,4428.00,5225.00 Dr,4428.00 Cr,797.04 Cr,0.04 Dr,,,,,,,,,,,,,,,,,,,,
,Reebok Champion Shoe (Size 10 US) - Black,,,,3 Pr,1476.00/Pr,4428.00,,,,,,,,,,,,,,,,,,,,,,,,
19-Aug-25,Nspira Management Services Pvt. Ltd (B),PSB25-26/INV-946,PSB25-26/INV-946,Being Sale of Goods - Accounted,2 Pr,,2922.88,3449.00 Dr,2922.88 Cr,,,263.06 Cr,263.06 Cr,,,,,,,,,,,,,,,,,,
,Reebok Prodigy Shoe (Size 04 Y) - Black,,,,1 Pr,1437.29/Pr,1437.29,,,,,,,,,,,,,,,,,,,,,,,,
,Reebok Prodigy Shoe (Size 10 US) - Black,,,,1 Pr,1485.59/Pr,1485.59,,,,,,,,,,,,,,,,,,,,,,,,
19-Aug-25,Nspira Management Services Pvt. Ltd (B),PSB25-26/INV-947,PSB25-26/INV-947,Being Sale of Goods - Accounted,4 Pr,,5894.06,6955.00 Dr,5894.06 Cr,,0.02 Cr,530.46 Cr,530.46 Cr,,,,,,,,,,,,,,,,,,
,Reebok Prodigy Shoe (Size 02 Y) - Black,,,,1 Pr,1437.29/Pr,1437.29,,,,,,,,,,,,,,,,,,,,,,,,
,Reebok Prodigy Shoe (Size 09 US) - Black,,,,1 Pr,1485.59/Pr,1485.59,,,,,,,,,,,,,,,,,,,,,,,,
,Reebok Prodigy Shoe (Size 10 US) - Black,,,,1 Pr,1485.59/Pr,1485.59,,,,,,,,,,,,,,,,,,,,,,,,
,Reebok Prodigy Shoe (Size 13 US) - Black,,,,1 Pr,1485.59/Pr,1485.59,,,,,,,,,,,,,,,,,,,,,,,,
19-Aug-25,Nspira Management Services Pvt. Ltd (B),PSB25-26/INV-948,PSB25-26/INV-948,Being Sale of Goods - Accounted,21 Pr,,30231.39,35673.00 Dr,30231.39 Cr,,0.03 Dr,2720.82 Cr,2720.82 Cr,,,,,,,,,,,,,,,,,,
,Reebok Prodigy Shoe - Black,,,,20 Pr,1437.29/Pr,28745.80,,,,,,,,,,,,,,,,,,,,,,,,
,Reebok Prodigy Shoe - Black,,,,1 Pr,1485.59/Pr,1485.59,,,,,,,,,,,,,,,,,,,,,,,,
19-Aug-25,Nspira Management Services Pvt. Ltd (B),PSB25-26/INV-949,PSB25-26/INV-949,Being Sale of Goods - Accounted,3 Pr,,4456.77,5259.00 Dr,4456.77 Cr,,0.01 Cr,401.11 Cr,401.11 Cr,,,,,,,,,,,,,,,,,,
,Reebok Prodigy Shoe - Black,,,,3 Pr,1485.59/Pr,4456.77,,,,,,,,,,,,,,,,,,,,,,,,
19-Aug-25,Nspira Management Services Pvt. Ltd (B),PSB25-26/INV-950,PSB25-26/INV-950,Being Sale of Goods - Accounted,9 Pr,,13370.31,15777.00 Dr,13370.31 Cr,,0.03 Cr,1203.33 Cr,1203.33 Cr,,,,,,,,,,,,,,,,,,
,Reebok Prodigy Shoe (Size 08 US) - Black,,,,2 Pr,1485.59/Pr,2971.18,,,,,,,,,,,,,,,,,,,,,,,,
,Reebok Prodigy Shoe (Size 09 US) - Black,,,,1 Pr,1485.59/Pr,1485.59,,,,,,,,,,,,,,,,,,,,,,,,
,Reebok Prodigy Shoe (Size 10 US) - Black,,,,5 Pr,1485.59/Pr,7427.95,,,,,,,,,,,,,,,,,,,,,,,,
,Reebok Prodigy Shoe - Black,,,,1 Pr,1485.59/Pr,1485.59,,,,,,,,,,,,,,,,,,,,,,,,
19-Aug-25,Nspira Management Services Pvt. Ltd (B),PSB25-26/INV-951,PSB25-26/INV-951,Being Sale of Goods - Accounted,23 Pr,,33830.47,39920.00 Dr,33830.47 Cr,,0.05 Cr,3044.74 Cr,3044.74 Cr,,,,,,,,,,,,,,,,,,
,Reebok Prodigy Shoe - Black,,,,7 Pr,1437.29/Pr,10061.03,,,,,,,,,,,,,,,,,,,,,,,,
,Reebok Prodigy Shoe - Black,,,,16 Pr,1485.59/Pr,23769.44,,,,,,,,,,,,,,,,,,,,,,,,
19-Aug-25,Nspira Management Services Pvt. Ltd (B),PSB25-26/INV-952,PSB25-26/INV-952,Being Sale of Goods - Accounted,5 Pr,,7283.05,8594.00 Dr,7283.05 Cr,,0.01 Dr,655.48 Cr,655.48 Cr,,,,,,,,,,,,,,,,,,
,Reebok Prodigy Shoe (Size 13 C) - Black,,,,1 Pr,1437.29/Pr,1437.29,,,,,,,,,,,,,,,,,,,,,,,,
,Reebok Prodigy Shoe (Size 01 Y) - Black,,,,1 Pr,1437.29/Pr,1437.29,,,,,,,,,,,,,,,,,,,,,,,,
,Reebok Prodigy Shoe (Size 05 Y) - Black,,,,1 Pr,1437.29/Pr,1437.29,,,,,,,,,,,,,,,,,,,,,,,,
,Reebok Prodigy Shoe (Size 10 US) - Black,,,,1 Pr,1485.59/Pr,1485.59,,,,,,,,,,,,,,,,,,,,,,,,
,Reebok Prodigy Shoe (Size 11 US) - Black,,,,1 Pr,1485.59/Pr,1485.59,,,,,,,,,,,,,,,,,,,,,,,,
19-Aug-25,Nspira Management Services Pvt. Ltd (B),PSB25-26/INV-953,PSB25-26/INV-953,Being Sale of Goods - Accounted,7 Pr,,10109.33,11929.00 Dr,10109.33 Cr,,0.01 Dr,909.84 Cr,909.84 Cr,,,,,,,,,,,,,,,,,,
,Reebok Prodigy Shoe (Size 13 C) - Black,,,,2 Pr,1437.29/Pr,2874.58,,,,,,,,,,,,,,,,,,,,,,,,
,Reebok Prodigy Shoe (Size 01 Y) - Black,,,,2 Pr,1437.29/Pr,2874.58,,,,,,,,,,,,,,,,,,,,,,,,
,Reebok Prodigy Shoe (Size 04 Y) - Black,,,,1 Pr,1437.29/Pr,1437.29,,,,,,,,,,,,,,,,,,,,,,,,
,Reebok Prodigy Shoe (Size 06 Y) - Black,,,,1 Pr,1437.29/Pr,1437.29,,,,,,,,,,,,,,,,,,,,,,,,
,Reebok Prodigy Shoe (Size 09 US) - Black,,,,1 Pr,1485.59/Pr,1485.59,,,,,,,,,,,,,,,,,,,,,,,,
19-Aug-25,Nspira Management Services Pvt. Ltd (B),PSB25-26/INV-954,PSB25-26/INV-954,Being Sale of Goods - Accounted,29 Pr,,42261.01,49868.00 Dr,42261.01 Cr,,0.01 Cr,3803.49 Cr,3803.49 Cr,,,,,,,,,,,,,,,,,,
,Reebok Prodigy Shoe (Size 09 C) - Black,,,,1 Pr,1437.29/Pr,1437.29,,,,,,,,,,,,,,,,,,,,,,,,
,Reebok Prodigy Shoe (Size 11 C) - Black,,,,1 Pr,1437.29/Pr,1437.29,,,,,,,,,,,,,,,,,,,,,,,,
,Reebok Prodigy Shoe (Size 13 C) - Black,,,,2 Pr,1437.29/Pr,2874.58,,,,,,,,,,,,,,,,,,,,,,,,
,Reebok Prodigy Shoe (Size 01 Y) - Black,,,,3 Pr,1437.29/Pr,4311.87,,,,,,,,,,,,,,,,,,,,,,,,
,Reebok Prodigy Shoe (Size 02 Y) - Black,,,,3 Pr,1437.29/Pr,4311.87,,,,,,,,,,,,,,,,,,,,,,,,
,Reebok Prodigy Shoe (Size 03 Y) - Black,,,,2 Pr,1437.29/Pr,2874.58,,,,,,,,,,,,,,,,,,,,,,,,
,Reebok Prodigy Shoe (Size 04 Y) - Black,,,,2 Pr,1437.29/Pr,2874.58,,,,,,,,,,,,,,,,,,,,,,,,
,Reebok Prodigy Shoe (Size 05 Y) - Black,,,,1 Pr,1437.29/Pr,1437.29,,,,,,,,,,,,,,,,,,,,,,,,
,Reebok Prodigy Shoe (Size 06 Y) - Black,,,,2 Pr,1437.29/Pr,2874.58,,,,,,,,,,,,,,,,,,,,,,,,
,Reebok Prodigy Shoe (Size 07 US) - Black,,,,4 Pr,1485.59/Pr,5942.36,,,,,,,,,,,,,,,,,,,,,,,,
,Reebok Prodigy Shoe (Size 08 US) - Black,,,,2 Pr,1485.59/Pr,2971.18,,,,,,,,,,,,,,,,,,,,,,,,
,Reebok Prodigy Shoe (Size 09 US) - Black,,,,4 Pr,1485.59/Pr,5942.36,,,,,,,,,,,,,,,,,,,,,,,,
,Reebok Prodigy Shoe (Size 10 US) - Black,,,,1 Pr,1485.59/Pr,1485.59,,,,,,,,,,,,,,,,,,,,,,,,
,Reebok Prodigy Shoe (Size 11 US) - Black,,,,1 Pr,1485.59/Pr,1485.59,,,,,,,,,,,,,,,,,,,,,,,,
19-Aug-25,Nspira Management Services Pvt. Ltd (B),PSB25-26/INV-955,PSB25-26/INV-955,Being Sale of Goods - Accounted,20 Pr,,28890.70,34091.00 Dr,28890.70 Cr,,,2600.15 Cr,2600.15 Cr,,,,,,,,,,,,,,,,,,
,Reebok Prodigy Shoe (Size 10 C) - Black,,,,2 Pr,1437.29/Pr,2874.58,,,,,,,,,,,,,,,,,,,,,,,,
,Reebok Prodigy Shoe (Size 12 C) - Black,,,,1 Pr,1437.29/Pr,1437.29,,,,,,,,,,,,,,,,,,,,,,,,
,Reebok Prodigy Shoe (Size 13 C) - Black,,,,7 Pr,1437.29/Pr,10061.03,,,,,,,,,,,,,,,,,,,,,,,,
,Reebok Prodigy Shoe (Size 02 Y) - Black,,,,2 Pr,1437.29/Pr,2874.58,,,,,,,,,,,,,,,,,,,,,,,,
,Reebok Prodigy Shoe (Size 03 Y) - Black,,,,2 Pr,1437.29/Pr,2874.58,,,,,,,,,,,,,,,,,,,,,,,,
,Reebok Prodigy Shoe (Size 04 Y) - Black,,,,2 Pr,1437.29/Pr,2874.58,,,,,,,,,,,,,,,,,,,,,,,,
,Reebok Prodigy Shoe (Size 07 US) - Black,,,,1 Pr,1485.59/Pr,1485.59,,,,,,,,,,,,,,,,,,,,,,,,
,Reebok Prodigy Shoe (Size 09 US) - Black,,,,1 Pr,1485.59/Pr,1485.59,,,,,,,,,,,,,,,,,,,,,,,,
,Reebok Prodigy Shoe (Size 11 US) - Black,,,,1 Pr,1485.59/Pr,1485.59,,,,,,,,,,,,,,,,,,,,,,,,
,Reebok Prodigy Shoe - Black,,,,1 Pr,1437.29/Pr,1437.29,,,,,,,,,,,,,,,,,,,,,,,,
19-Aug-25,Nspira Management Services Pvt. Ltd (B),PSB25-26/INV-956,PSB25-26/INV-956,Being Sale of Goods - Accounted,3 Pr,,4408.47,5202.00 Dr,4408.47 Cr,,0.01 Cr,396.76 Cr,396.76 Cr,,,,,,,,,,,,,,,,,,
,Reebok Prodigy Shoe (Size 06 Y) - Black,,,,1 Pr,1437.29/Pr,1437.29,,,,,,,,,,,,,,,,,,,,,,,,
,Reebok Prodigy Shoe (Size 09 US) - Black,,,,1 Pr,1485.59/Pr,1485.59,,,,,,,,,,,,,,,,,,,,,,,,
,Reebok Prodigy Shoe (Size 11 US) - Black,,,,1 Pr,1485.59/Pr,1485.59,,,,,,,,,,,,,,,,,,,,,,,,
19-Aug-25,Nspira Management Services Pvt. Ltd (B),PSB25-26/INV-957,PSB25-26/INV-957,Being Sale of Goods - Accounted,22 Pr,,31861.88,37597.00 Dr,31861.88 Cr,,0.04 Dr,2867.58 Cr,2867.58 Cr,,,,,,,,,,,,,,,,,,
,Reebok Prodigy Shoe (Size 09 C) - Black,,,,3 Pr,1437.29/Pr,4311.87,,,,,,,,,,,,,,,,,,,,,,,,
,Reebok Prodigy Shoe (Size 10 C) - Black,,,,3 Pr,1437.29/Pr,4311.87,,,,,,,,,,,,,,,,,,,,,,,,
,Reebok Prodigy Shoe (Size 11 C) - Black,,,,1 Pr,1437.29/Pr,1437.29,,,,,,,,,,,,,,,,,,,,,,,,
,Reebok Prodigy Shoe (Size 13 C) - Black,,,,2 Pr,1437.29/Pr,2874.58,,,,,,,,,,,,,,,,,,,,,,,,
,Reebok Prodigy Shoe (Size 01 Y) - Black,,,,1 Pr,1437.29/Pr,1437.29,,,,,,,,,,,,,,,,,,,,,,,,
,Reebok Prodigy Shoe (Size 02 Y) - Black,,,,2 Pr,1437.29/Pr,2874.58,,,,,,,,,,,,,,,,,,,,,,,,
,Reebok Prodigy Shoe (Size 03 Y) - Black,,,,1 Pr,1437.29/Pr,1437.29,,,,,,,,,,,,,,,,,,,,,,,,
,Reebok Prodigy Shoe (Size 04 Y) - Black,,,,1 Pr,1437.29/Pr,1437.29,,,,,,,,,,,,,,,,,,,,,,,,
,Reebok Prodigy Shoe (Size 05 Y) - Black,,,,2 Pr,1437.29/Pr,2874.58,,,,,,,,,,,,,,,,,,,,,,,,
,Reebok Prodigy Shoe (Size 06 Y) - Black,,,,1 Pr,1437.29/Pr,1437.29,,,,,,,,,,,,,,,,,,,,,,,,
,Reebok Prodigy Shoe (Size 07 US) - Black,,,,1 Pr,1485.59/Pr,1485.59,,,,,,,,,,,,,,,,,,,,,,,,
,Reebok Prodigy Shoe (Size 08 US) - Black,,,,3 Pr,1485.59/Pr,4456.77,,,,,,,,,,,,,,,,,,,,,,,,
,Reebok Prodigy Shoe (Size 10 US) - Black,,,,1 Pr,1485.59/Pr,1485.59,,,,,,,,,,,,,,,,,,,,,,,,
19-Aug-25,Nspira Management Services Pvt. Ltd (B),PSB25-26/INV-958,PSB25-26/INV-958,Being Sale of Goods - Accounted,1 Pr,,1437.29,1696.00 Dr,1437.29 Cr,,0.01 Dr,129.36 Cr,129.36 Cr,,,,,,,,,,,,,,,,,,
,Reebok Prodigy Shoe (Size 06 Y) - Black,,,,1 Pr,1437.29/Pr,1437.29,,,,,,,,,,,,,,,,,,,,,,,,
19-Aug-25,Nspira Management Services Pvt. Ltd (B),PSB25-26/INV-959,PSB25-26/INV-959,Being Sale of Goods - Accounted,2 Pr,,2922.88,3449.00 Dr,2922.88 Cr,,,263.06 Cr,263.06 Cr,,,,,,,,,,,,,,,,,,
,Reebok Prodigy Shoe (Size 06 Y) - Black,,,,1 Pr,1437.29/Pr,1437.29,,,,,,,,,,,,,,,,,,,,,,,,
,Reebok Prodigy Shoe (Size 08 US) - Black,,,,1 Pr,1485.59/Pr,1485.59,,,,,,,,,,,,,,,,,,,,,,,,
19-Aug-25,Nspira Management Services Pvt. Ltd (B),PSB25-26/INV-960,PSB25-26/INV-960,Being Sale of Goods - Accounted,8 Pr,,11498.32,13568.00 Dr,11498.32 Cr,,0.04 Dr,1034.86 Cr,1034.86 Cr,,,,,,,,,,,,,,,,,,
,Reebok Prodigy Shoe (Size 11 C) - Black,,,,1 Pr,1437.29/Pr,1437.29,,,,,,,,,,,,,,,,,,,,,,,,
,Reebok Prodigy Shoe (Size 13 C) - Black,,,,6 Pr,1437.29/Pr,8623.74,,,,,,,,,,,,,,,,,,,,,,,,
,Reebok Prodigy Shoe (Size 05 Y) - Black,,,,1 Pr,1437.29/Pr,1437.29,,,,,,,,,,,,,,,,,,,,,,,,
19-Aug-25,Nspira Management Services Pvt. Ltd (B),PSB25-26/INV-961,PSB25-26/INV-961,Being Sale of Goods - Accounted,5 Pr,,7234.75,8537.00 Dr,7234.75 Cr,,0.01 Dr,651.13 Cr,651.13 Cr,,,,,,,,,,,,,,,,,,
,Reebok Prodigy Shoe (Size 13 C) - Black,,,,2 Pr,1437.29/Pr,2874.58,,,,,,,,,,,,,,,,,,,,,,,,
,Reebok Prodigy Shoe (Size 04 Y) - Black,,,,1 Pr,1437.29/Pr,1437.29,,,,,,,,,,,,,,,,,,,,,,,,
,Reebok Prodigy Shoe (Size 05 Y) - Black,,,,1 Pr,1437.29/Pr,1437.29,,,,,,,,,,,,,,,,,,,,,,,,
,Reebok Prodigy Shoe (Size 07 US) - Black,,,,1 Pr,1485.59/Pr,1485.59,,,,,,,,,,,,,,,,,,,,,,,,
19-Aug-25,Nspira Management Services Pvt. Ltd (B),PSB25-26/INV-962,PSB25-26/INV-962,Being Sale of Goods - Accounted,31 Pr,,44894.09,52975.00 Dr,44894.09 Cr,,0.01 Dr,4040.46 Cr,4040.46 Cr,,,,,,,,,,,,,,,,,,
,Reebok Prodigy Shoe (Size 10 C) - Black,,,,1 Pr,1437.29/Pr,1437.29,,,,,,,,,,,,,,,,,,,,,,,,
,Reebok Prodigy Shoe (Size 11 C) - Black,,,,2 Pr,1437.29/Pr,2874.58,,,,,,,,,,,,,,,,,,,,,,,,
,Reebok Prodigy Shoe (Size 12 C) - Black,,,,4 Pr,1437.29/Pr,5749.16,,,,,,,,,,,,,,,,,,,,,,,,
,Reebok Prodigy Shoe (Size 13 C) - Black,,,,1 Pr,1437.29/Pr,1437.29,,,,,,,,,,,,,,,,,,,,,,,,
,Reebok Prodigy Shoe (Size 02 Y) - Black,,,,2 Pr,1437.29/Pr,2874.58,,,,,,,,,,,,,,,,,,,,,,,,
,Reebok Prodigy Shoe (Size 03 Y) - Black,,,,2 Pr,1437.29/Pr,2874.58,,,,,,,,,,,,,,,,,,,,,,,,
,Reebok Prodigy Shoe (Size 05 Y) - Black,,,,2 Pr,1437.29/Pr,2874.58,,,,,,,,,,,,,,,,,,,,,,,,
,Reebok Prodigy Shoe (Size 08 US) - Black,,,,1 Pr,1485.59/Pr,1485.59,,,,,,,,,,,,,,,,,,,,,,,,
,Reebok Prodigy Shoe (Size 09 US) - Black,,,,2 Pr,1485.59/Pr,2971.18,,,,,,,,,,,,,,,,,,,,,,,,
,Reebok Prodigy Shoe - Black,,,,10 Pr,1437.29/Pr,14372.90,,,,,,,,,,,,,,,,,,,,,,,,
,Reebok Prodigy Shoe - Black,,,,4 Pr,1485.59/Pr,5942.36,,,,,,,,,,,,,,,,,,,,,,,,
19-Aug-25,Nspira Management Services Pvt. Ltd (B),PSB25-26/INV-963,PSB25-26/INV-963,Being Sale of Goods - Accounted,2 Pr,,2874.58,3392.00 Dr,2874.58 Cr,,0.02 Dr,258.72 Cr,258.72 Cr,,,,,,,,,,,,,,,,,,
,Reebok Prodigy Shoe (Size 09 C) - Black,,,,1 Pr,1437.29/Pr,1437.29,,,,,,,,,,,,,,,,,,,,,,,,
,Reebok Prodigy Shoe (Size 01 Y) - Black,,,,1 Pr,1437.29/Pr,1437.29,,,,,,,,,,,,,,,,,,,,,,,,
19-Aug-25,Nspira Management Services Pvt. Ltd (B),PSB25-26/INV-964,PSB25-26/INV-964,Being Sale of Goods - Accounted,6 Pr,,8672.04,10233.00 Dr,8672.04 Cr,,0.04 Dr,780.50 Cr,780.50 Cr,,,,,,,,,,,,,,,,,,
,Reebok Prodigy Shoe (Size 13 C) - Black,,,,1 Pr,1437.29/Pr,1437.29,,,,,,,,,,,,,,,,,,,,,,,,
,Reebok Prodigy Shoe (Size 01 Y) - Black,,,,1 Pr,1437.29/Pr,1437.29,,,,,,,,,,,,,,,,,,,,,,,,
,Reebok Prodigy Shoe (Size 02 Y) - Black,,,,1 Pr,1437.29/Pr,1437.29,,,,,,,,,,,,,,,,,,,,,,,,
,Reebok Prodigy Shoe (Size 03 Y) - Black,,,,1 Pr,1437.29/Pr,1437.29,,,,,,,,,,,,,,,,,,,,,,,,
,Reebok Prodigy Shoe (Size 05 Y) - Black,,,,1 Pr,1437.29/Pr,1437.29,,,,,,,,,,,,,,,,,,,,,,,,
,Reebok Prodigy Shoe (Size 10 US) - Black,,,,1 Pr,1485.59/Pr,1485.59,,,,,,,,,,,,,,,,,,,,,,,,
19-Aug-25,Nspira Management Services Pvt. Ltd (B),PSB25-26/INV-965,PSB25-26/INV-965,Being Sale of Goods - Accounted,11 Pr,,16003.39,18884.00 Dr,16003.39 Cr,,0.01 Cr,1440.30 Cr,1440.30 Cr,,,,,,,,,,,,,,,,,,
,Reebok Prodigy Shoe (Size 02 Y) - Black,,,,1 Pr,1437.29/Pr,1437.29,,,,,,,,,,,,,,,,,,,,,,,,
,Reebok Prodigy Shoe (Size 03 Y) - Black,,,,2 Pr,1437.29/Pr,2874.58,,,,,,,,,,,,,,,,,,,,,,,,
,Reebok Prodigy Shoe (Size 04 Y) - Black,,,,1 Pr,1437.29/Pr,1437.29,,,,,,,,,,,,,,,,,,,,,,,,
,Reebok Prodigy Shoe (Size 05 Y) - Black,,,,1 Pr,1437.29/Pr,1437.29,,,,,,,,,,,,,,,,,,,,,,,,
,Reebok Prodigy Shoe (Size 06 Y) - Black,,,,2 Pr,1437.29/Pr,2874.58,,,,,,,,,,,,,,,,,,,,,,,,
,Reebok Prodigy Shoe (Size 07 US) - Black,,,,1 Pr,1485.59/Pr,1485.59,,,,,,,,,,,,,,,,,,,,,,,,
,Reebok Prodigy Shoe (Size 08 US) - Black,,,,1 Pr,1485.59/Pr,1485.59,,,,,,,,,,,,,,,,,,,,,,,,
,Reebok Prodigy Shoe (Size 09 US) - Black,,,,1 Pr,1485.59/Pr,1485.59,,,,,,,,,,,,,,,,,,,,,,,,
,Reebok Prodigy Shoe (Size 11 US) - Black,,,,1 Pr,1485.59/Pr,1485.59,,,,,,,,,,,,,,,,,,,,,,,,
19-Aug-25,Nspira Management Services Pvt. Ltd (B),PSB25-26/INV-966,PSB25-26/INV-966,Being Sale of Goods - Accounted,11 Pr,,16099.99,18998.00 Dr,16099.99 Cr,,0.01 Dr,1449.01 Cr,1449.01 Cr,,,,,,,,,,,,,,,,,,
,Reebok Prodigy Shoe (Size 09 C) - Black,,,,1 Pr,1437.29/Pr,1437.29,,,,,,,,,,,,,,,,,,,,,,,,
,Reebok Prodigy Shoe (Size 01 Y) - Black,,,,3 Pr,1437.29/Pr,4311.87,,,,,,,,,,,,,,,,,,,,,,,,
,Reebok Prodigy Shoe (Size 05 Y) - Black,,,,1 Pr,1437.29/Pr,1437.29,,,,,,,,,,,,,,,,,,,,,,,,
,Reebok Prodigy Shoe (Size 08 US) - Black,,,,2 Pr,1485.59/Pr,2971.18,,,,,,,,,,,,,,,,,,,,,,,,
,Reebok Prodigy Shoe (Size 09 US) - Black,,,,1 Pr,1485.59/Pr,1485.59,,,,,,,,,,,,,,,,,,,,,,,,
,Reebok Prodigy Shoe (Size 11 US) - Black,,,,3 Pr,1485.59/Pr,4456.77,,,,,,,,,,,,,,,,,,,,,,,,
19-Aug-25,Nspira Management Services Pvt. Ltd (B),PSB25-26/INV-967,PSB25-26/INV-967,Being Sale of Goods - Accounted,7 Pr,,10205.93,12043.00 Dr,10205.93 Cr,,0.01 Cr,918.53 Cr,918.53 Cr,,,,,,,,,,,,,,,,,,
,Reebok Prodigy Shoe (Size 13 C) - Black,,,,1 Pr,1437.29/Pr,1437.29,,,,,,,,,,,,,,,,,,,,,,,,
,Reebok Prodigy Shoe (Size 02 Y) - Black,,,,1 Pr,1437.29/Pr,1437.29,,,,,,,,,,,,,,,,,,,,,,,,
,Reebok Prodigy Shoe (Size 03 Y) - Black,,,,2 Pr,1437.29/Pr,2874.58,,,,,,,,,,,,,,,,,,,,,,,,
,Reebok Prodigy Shoe (Size 07 US) - Black,,,,1 Pr,1485.59/Pr,1485.59,,,,,,,,,,,,,,,,,,,,,,,,
,Reebok Prodigy Shoe (Size 08 US) - Black,,,,1 Pr,1485.59/Pr,1485.59,,,,,,,,,,,,,,,,,,,,,,,,
,Reebok Prodigy Shoe (Size 09 US) - Black,,,,1 Pr,1485.59/Pr,1485.59,,,,,,,,,,,,,,,,,,,,,,,,
19-Aug-25,Nspira Management Services Pvt. Ltd (B),PSB25-26/INV-968,PSB25-26/INV-968,Being Sale of Goods - Accounted,23 Pr,,33395.77,39407.00 Dr,33395.77 Cr,,0.01 Dr,3005.62 Cr,3005.62 Cr,,,,,,,,,,,,,,,,,,
,Reebok Prodigy Shoe (Size 09 C) - Black,,,,2 Pr,1437.29/Pr,2874.58,,,,,,,,,,,,,,,,,,,,,,,,
,Reebok Prodigy Shoe (Size 10 C) - Black,,,,4 Pr,1437.29/Pr,5749.16,,,,,,,,,,,,,,,,,,,,,,,,
,Reebok Prodigy Shoe (Size 11 C) - Black,,,,1 Pr,1437.29/Pr,1437.29,,,,,,,,,,,,,,,,,,,,,,,,
,Reebok Prodigy Shoe (Size 13 C) - Black,,,,4 Pr,1437.29/Pr,5749.16,,,,,,,,,,,,,,,,,,,,,,,,
,Reebok Prodigy Shoe (Size 02 Y) - Black,,,,1 Pr,1437.29/Pr,1437.29,,,,,,,,,,,,,,,,,,,,,,,,
,Reebok Prodigy Shoe (Size 03 Y) - Black,,,,1 Pr,1437.29/Pr,1437.29,,,,,,,,,,,,,,,,,,,,,,,,
,Reebok Prodigy Shoe (Size 06 Y) - Black,,,,3 Pr,1437.29/Pr,4311.87,,,,,,,,,,,,,,,,,,,,,,,,
,Reebok Prodigy Shoe (Size 07 US) - Black,,,,2 Pr,1485.59/Pr,2971.18,,,,,,,,,,,,,,,,,,,,,,,,
,Reebok Prodigy Shoe (Size 08 US) - Black,,,,1 Pr,1485.59/Pr,1485.59,,,,,,,,,,,,,,,,,,,,,,,,
,Reebok Prodigy Shoe (Size 11 US) - Black,,,,1 Pr,1485.59/Pr,1485.59,,,,,,,,,,,,,,,,,,,,,,,,
,Reebok Prodigy Shoe (Size 13 US) - Black,,,,3 Pr,1485.59/Pr,4456.77,,,,,,,,,,,,,,,,,,,,,,,,
19-Aug-25,Nspira Management Services Pvt. Ltd (B),PSB25-26/INV-969,PSB25-26/INV-969,Being Sale of Goods - Accounted,10 Pr,,14517.80,17131.00 Dr,14517.80 Cr,,0.02 Dr,1306.61 Cr,1306.61 Cr,,,,,,,,,,,,,,,,,,
,Reebok Prodigy Shoe (Size 09 C) - Black,,,,1 Pr,1437.29/Pr,1437.29,,,,,,,,,,,,,,,,,,,,,,,,
,Reebok Prodigy Shoe (Size 11 C) - Black,,,,1 Pr,1437.29/Pr,1437.29,,,,,,,,,,,,,,,,,,,,,,,,
,Reebok Prodigy Shoe (Size 13 C) - Black,,,,2 Pr,1437.29/Pr,2874.58,,,,,,,,,,,,,,,,,,,,,,,,
,Reebok Prodigy Shoe (Size 04 Y) - Black,,,,2 Pr,1437.29/Pr,2874.58,,,,,,,,,,,,,,,,,,,,,,,,
,Reebok Prodigy Shoe (Size 06 Y) - Black,,,,1 Pr,1437.29/Pr,1437.29,,,,,,,,,,,,,,,,,,,,,,,,
,Reebok Prodigy Shoe (Size 10 US) - Black,,,,1 Pr,1485.59/Pr,1485.59,,,,,,,,,,,,,,,,,,,,,,,,
,Reebok Prodigy Shoe (Size 11 US) - Black,,,,2 Pr,1485.59/Pr,2971.18,,,,,,,,,,,,,,,,,,,,,,,,
19-Aug-25,Nspira Management Services Pvt. Ltd (B),PSB25-26/INV-970,PSB25-26/INV-970,Being Sale of Goods - Accounted,11 Pr,,15810.19,18656.00 Dr,15810.19 Cr,,0.05 Dr,1422.93 Cr,1422.93 Cr,,,,,,,,,,,,,,,,,,
,Reebok Prodigy Shoe (Size 09 C) - Black,,,,1 Pr,1437.29/Pr,1437.29,,,,,,,,,,,,,,,,,,,,,,,,
,Reebok Prodigy Shoe (Size 11 C) - Black,,,,1 Pr,1437.29/Pr,1437.29,,,,,,,,,,,,,,,,,,,,,,,,
,Reebok Prodigy Shoe (Size 12 C) - Black,,,,2 Pr,1437.29/Pr,2874.58,,,,,,,,,,,,,,,,,,,,,,,,
,Reebok Prodigy Shoe (Size 13 C) - Black,,,,5 Pr,1437.29/Pr,7186.45,,,,,,,,,,,,,,,,,,,,,,,,
,Reebok Prodigy Shoe (Size 04 Y) - Black,,,,1 Pr,1437.29/Pr,1437.29,,,,,,,,,,,,,,,,,,,,,,,,
,Reebok Prodigy Shoe (Size 06 Y) - Black,,,,1 Pr,1437.29/Pr,1437.29,,,,,,,,,,,,,,,,,,,,,,,,
19-Aug-25,Nspira Management Services Pvt. Ltd (B),PSB25-26/INV-971,PSB25-26/INV-971,Being Sale of Goods - Accounted,8 Pr,,11546.62,13625.00 Dr,11546.62 Cr,,0.06 Dr,1039.22 Cr,1039.22 Cr,,,,,,,,,,,,,,,,,,
,Reebok Prodigy Shoe (Size 10 C) - Black,,,,1 Pr,1437.29/Pr,1437.29,,,,,,,,,,,,,,,,,,,,,,,,
,Reebok Prodigy Shoe (Size 11 C) - Black,,,,1 Pr,1437.29/Pr,1437.29,,,,,,,,,,,,,,,,,,,,,,,,
,Reebok Prodigy Shoe (Size 13 C) - Black,,,,1 Pr,1437.29/Pr,1437.29,,,,,,,,,,,,,,,,,,,,,,,,
,Reebok Prodigy Shoe (Size 01 Y) - Black,,,,1 Pr,1437.29/Pr,1437.29,,,,,,,,,,,,,,,,,,,,,,,,
,Reebok Prodigy Shoe (Size 02 Y) - Black,,,,1 Pr,1437.29/Pr,1437.29,,,,,,,,,,,,,,,,,,,,,,,,
,Reebok Prodigy Shoe (Size 03 Y) - Black,,,,1 Pr,1437.29/Pr,1437.29,,,,,,,,,,,,,,,,,,,,,,,,
,Reebok Prodigy Shoe (Size 04 Y) - Black,,,,1 Pr,1437.29/Pr,1437.29,,,,,,,,,,,,,,,,,,,,,,,,
,Reebok Prodigy Shoe (Size 07 US) - Black,,,,1 Pr,1485.59/Pr,1485.59,,,,,,,,,,,,,,,,,,,,,,,,
19-Aug-25,Nspira Management Services Pvt. Ltd (B),PSB25-26/INV-972,PSB25-26/INV-972,Being Sale of Goods - Accounted,8 Pr,,11546.62,13625.00 Dr,11546.62 Cr,,0.04 Dr,1039.21 Cr,1039.21 Cr,,,,,,,,,,,,,,,,,,
,Reebok Prodigy Shoe (Size 09 C) - Black,,,,1 Pr,1437.29/Pr,1437.29,,,,,,,,,,,,,,,,,,,,,,,,
,Reebok Prodigy Shoe (Size 10 C) - Black,,,,1 Pr,1437.29/Pr,1437.29,,,,,,,,,,,,,,,,,,,,,,,,
,Reebok Prodigy Shoe (Size 11 C) - Black,,,,1 Pr,1437.29/Pr,1437.29,,,,,,,,,,,,,,,,,,,,,,,,
,Reebok Prodigy Shoe (Size 13 C) - Black,,,,2 Pr,1437.29/Pr,2874.58,,,,,,,,,,,,,,,,,,,,,,,,
,Reebok Prodigy Shoe (Size 01 Y) - Black,,,,1 Pr,1437.29/Pr,1437.29,,,,,,,,,,,,,,,,,,,,,,,,
,Reebok Prodigy Shoe (Size 03 Y) - Black,,,,1 Pr,1437.29/Pr,1437.29,,,,,,,,,,,,,,,,,,,,,,,,
,Reebok Prodigy Shoe (Size 07 US) - Black,,,,1 Pr,1485.59/Pr,1485.59,,,,,,,,,,,,,,,,,,,,,,,,
19-Aug-25,Nspira Management Services Pvt. Ltd (B),PSB25-26/INV-973,PSB25-26/INV-973,Being Sale of Goods - Accounted,13 Pr,,19312.67,22789.00 Dr,19312.67 Cr,,0.05 Cr,1738.14 Cr,1738.14 Cr,,,,,,,,,,,,,,,,,,
,Reebok Prodigy Shoe (Size 08 US) - Black,,,,1 Pr,1485.59/Pr,1485.59,,,,,,,,,,,,,,,,,,,,,,,,
,Reebok Prodigy Shoe (Size 09 US) - Black,,,,6 Pr,1485.59/Pr,8913.54,,,,,,,,,,,,,,,,,,,,,,,,
,Reebok Prodigy Shoe (Size 10 US) - Black,,,,6 Pr,1485.59/Pr,8913.54,,,,,,,,,,,,,,,,,,,,,,,,
19-Aug-25,Nspira Management Services Pvt. Ltd (B),PSB25-26/INV-974,PSB25-26/INV-974,Being Sale of Goods - Accounted,3 Pr,,4456.77,5259.00 Dr,4456.77 Cr,,0.03 Cr,401.10 Cr,401.10 Cr,,,,,,,,,,,,,,,,,,
,Reebok Prodigy Shoe (Size 07 US) - Black,,,,1 Pr,1485.59/Pr,1485.59,,,,,,,,,,,,,,,,,,,,,,,,
,Reebok Prodigy Shoe (Size 09 US) - Black,,,,1 Pr,1485.59/Pr,1485.59,,,,,,,,,,,,,,,,,,,,,,,,
,Reebok Prodigy Shoe (Size 11 US) - Black,,,,1 Pr,1485.59/Pr,1485.59,,,,,,,,,,,,,,,,,,,,,,,,
20-Aug-25,Sunshine Enterprises,PSB25-26/INV-975,PSB25-26/INV-975,Being Sale of Goods - Accounted,21 Pr,,17313.00,19391.00 Dr,17313.00 Cr,,0.44 Cr,,,,1038.78 Cr,1038.78 Cr,,,,,,,,,,,,,,,
,Plaeto Aspire School Shoes (Size 11 C) - Black,,,,3 Pr,701.00/Pr,2103.00,,,,,,,,,,,,,,,,,,,,,,,,
,Plaeto Aspire School Shoes (Size 13 C) - Black,,,,4 Pr,701.00/Pr,2804.00,,,,,,,,,,,,,,,,,,,,,,,,
,Plaeto Aspire School Shoes (Size 01 UK) - Black,,,,6 Pr,863.00/Pr,5178.00,,,,,,,,,,,,,,,,,,,,,,,,
,Plaeto Aspire School Shoes (Size 02 UK) - Black,,,,1 Pr,863.00/Pr,863.00,,,,,,,,,,,,,,,,,,,,,,,,
,Plaeto Aspire School Shoes (Size 03 UK) - Black,,,,1 Pr,863.00/Pr,863.00,,,,,,,,,,,,,,,,,,,,,,,,
,Plaeto Aspire School Shoes (Size 05 UK) - Black,,,,3 Pr,917.00/Pr,2751.00,,,,,,,,,,,,,,,,,,,,,,,,
,Plaeto Aspire School Shoes (Size 08 UK) - Black,,,,1 Pr,917.00/Pr,917.00,,,,,,,,,,,,,,,,,,,,,,,,
,Plaeto Aspire School Shoes (Size 09 UK) - Black,,,,2 Pr,917.00/Pr,1834.00,,,,,,,,,,,,,,,,,,,,,,,,
20-Aug-25,SAI ANUGRAHA TRADERS,PSB25-26/INV-976,PSB25-26/INV-976,Being Sale of Goods - Accounted,13 Pr,,14715.00,17364.00 Dr,14715.00 Cr,2648.70 Cr,0.30 Cr,,,,,,,,,,,,,,,,,,,,
,Plaeto Nova School Shoes (Size 01 UK) - White,,,,10 Pr,1125.00/Pr,11250.00,,,,,,,,,,,,,,,,,,,,,,,,
,Plaeto Nova School Shoes (Size 02 UK) - White,,,,2 Pr,1125.00/Pr,2250.00,,,,,,,,,,,,,,,,,,,,,,,,
,Plaeto Nova School Shoes (Size 12 UK) - White,,,,1 Pr,1215.00/Pr,1215.00,,,,,,,,,,,,,,,,,,,,,,,,
20-Aug-25,Sharanya Narayani International School,PSB25-26/INV-977,PSB25-26/INV-977,Being Sale of Goods - Accounted,32 Pr,,48023.81,56668.00 Dr,48023.81 Cr,,0.05 Dr,4322.12 Cr,4322.12 Cr,,,,,,,,,,,,,,,,,,
,Reebok Prodigy Shoe (Size 03 Y) - Black,,,,2 Pr,1372.03/Pr,2744.06,,,,,,,,,,,,,,,,,,,,,,,,
,Reebok Prodigy Shoe (Size 04 Y) - Black,,,,1 Pr,1372.03/Pr,1372.03,,,,,,,,,,,,,,,,,,,,,,,,
,Reebok Prodigy Shoe (Size 07 US) - Black,,,,2 Pr,1524.58/Pr,3049.16,,,,,,,,,,,,,,,,,,,,,,,,
,Reebok Prodigy Shoe (Size 08 US) - Black,,,,4 Pr,1524.58/Pr,6098.32,,,,,,,,,,,,,,,,,,,,,,,,
,Reebok Prodigy Shoe (Size 09 US) - Black,,,,3 Pr,1524.58/Pr,4573.74,,,,,,,,,,,,,,,,,,,,,,,,
,Reebok Prodigy Shoe (Size 10 US) - Black,,,,1 Pr,1524.58/Pr,1524.58,,,,,,,,,,,,,,,,,,,,,,,,
,Reebok Prodigy Shoe (Size 12 US) - Black,,,,1 Pr,1524.58/Pr,1524.58,,,,,,,,,,,,,,,,,,,,,,,,
,Reebok Prodigy Shoe (Size 13 US) - Black,,,,2 Pr,1524.58/Pr,3049.16,,,,,,,,,,,,,,,,,,,,,,,,
,Reebok Prodigy Shoe (Size 03 Y) - White,,,,1 Pr,1372.03/Pr,1372.03,,,,,,,,,,,,,,,,,,,,,,,,
,Reebok Prodigy Shoe (Size 04 Y) - White,,,,1 Pr,1372.03/Pr,1372.03,,,,,,,,,,,,,,,,,,,,,,,,
,Reebok Prodigy Shoe (Size 07 US) - White,,,,2 Pr,1524.58/Pr,3049.16,,,,,,,,,,,,,,,,,,,,,,,,
,Reebok Prodigy Shoe (Size 08 US) - White,,,,4 Pr,1524.58/Pr,6098.32,,,,,,,,,,,,,,,,,,,,,,,,
,Reebok Prodigy Shoe (Size 09 US) - White,,,,3 Pr,1524.58/Pr,4573.74,,,,,,,,,,,,,,,,,,,,,,,,
,Reebok Prodigy Shoe (Size 10 US) - White,,,,2 Pr,1524.58/Pr,3049.16,,,,,,,,,,,,,,,,,,,,,,,,
,Reebok Prodigy Shoe (Size 12 US) - White,,,,1 Pr,1524.58/Pr,1524.58,,,,,,,,,,,,,,,,,,,,,,,,
,Reebok Prodigy Shoe (Size 13 US) - White,,,,2 Pr,1524.58/Pr,3049.16,,,,,,,,,,,,,,,,,,,,,,,,
21-Aug-25,ELEMENTS BRAND MERCHANDISING,PSB25-26/INV-978,PSB25-26/INV-978,Being Sale of Goods - Accounted,2 Pr,,2736.00,3228.00 Dr,2736.00 Cr,492.48 Cr,0.48 Dr,,,,,,,,,,,,,,,,,,,,
,Reebok Prodigy Shoe (Size 13 C) - Black,,,,1 Pr,1296.00/Pr,1296.00,,,,,,,,,,,,,,,,,,,,,,,,
,Reebok Prodigy Shoe (Size 08 US) - Black,,,,1 Pr,1440.00/Pr,1440.00,,,,,,,,,,,,,,,,,,,,,,,,
21-Aug-25,HITESH CREATIONS (J P NAGAR),PSB25-26/INV-979,PSB25-26/INV-979,Being Sale of Goods - Accounted,1 Pr,,911.00,1020.00 Dr,911.00 Cr,,0.32 Dr,,,,54.66 Cr,54.66 Cr,,,,,,,,,,,,,,,
,Plaeto Aspire School Shoes (Size 03 UK) - Black,,,,1 Pr,911.00/Pr,911.00,,,,,,,,,,,,,,,,,,,,,,,,
21-Aug-25,Mr. Soman,PSB25-26/INV-980,PSB25-26/INV-980,Being Sale of Goods - Accounted,1 Pr,,1484.75,1752.00 Dr,1484.75 Cr,,0.01 Dr,133.63 Cr,133.63 Cr,,,,,,,,,,,,,,,,,,
,Plaeto Nova School Shoes (Size 05 UK) - Black,,,,1 Pr,1484.75/Pr,1484.75,,,,,,,,,,,,,,,,,,,,,,,,
25-Aug-25,Edunovel Solutions Pvt Ltd,PSB25-26/INV-981,PSB25-26/INV-981,Being Sale of Goods - Accounted,78 Pr,,20056.92,21060.00 Dr,20056.92 Cr,,0.24 Cr,,,,,,,,501.42 Cr,501.42 Cr,,,,,,,,,,,
,Edify White Semi Crew Length Socks (P/3) - S,,,,16 Pr,257.14/Pr,4114.24,,,,,,,,,,,,,,,,,,,,,,,,
,Edify White Semi Crew Length Socks (P/3) - M,,,,31 Pr,257.14/Pr,7971.34,,,,,,,,,,,,,,,,,,,,,,,,
,Edify White Semi Crew Length Socks (P/3) - L,,,,11 Pr,257.14/Pr,2828.54,,,,,,,,,,,,,,,,,,,,,,,,
,Edify White Semi Crew Length Socks (P/3) - XL,,,,14 Pr,257.14/Pr,3599.96,,,,,,,,,,,,,,,,,,,,,,,,
,Edify White Semi Crew Length Socks (P/3) - XXL,,,,6 Pr,257.14/Pr,1542.84,,,,,,,,,,,,,,,,,,,,,,,,
25-Aug-25,NYAS SERVICES,PSB25-26/INV-982,PSB25-26/INV-982,Being Sale of Goods - Accounted,4 Pr,,4810.18,5676.00 Dr,4810.18 Cr,865.84 Cr,0.02 Dr,,,,,,,,,,,,,,,,,,,,
,Plaeto Nova School Shoes (Size 12 C) - Black,,,,1 Pr,1066.95/Pr,1066.95,,,,,,,,,,,,,,,,,,,,,,,,
,Plaeto Nova School Shoes (Size 13 C) - Black,,,,1 Pr,1066.95/Pr,1066.95,,,,,,,,,,,,,,,,,,,,,,,,
,Plaeto Nova School Shoes (Size 01 UK) - Black,,,,1 Pr,1338.14/Pr,1338.14,,,,,,,,,,,,,,,,,,,,,,,,
,Plaeto Nova School Shoes (Size 02 UK) - Black,,,,1 Pr,1338.14/Pr,1338.14,,,,,,,,,,,,,,,,,,,,,,,,
25-Aug-25,Walk-King Shoe Company,PSB25-26/INV-983,PSB25-26/INV-983,Being Sale of Goods - Accounted,5 Pr,,7134.00,8418.00 Dr,7134.00 Cr,1284.12 Cr,0.12 Dr,,,,,,,,,,,,,,,,,,,,
,Reebok Champion Shoe (Size 06 Y) - Black,,,,2 Pr,1353.00/Pr,2706.00,,,,,,,,,,,,,,,,,,,,,,,,
,Reebok Champion Shoe (Size 08 US) - Black,,,,2 Pr,1476.00/Pr,2952.00,,,,,,,,,,,,,,,,,,,,,,,,
,Reebok Champion Shoe (Size 12 US) - Black,,,,1 Pr,1476.00/Pr,1476.00,,,,,,,,,,,,,,,,,,,,,,,,
25-Aug-25,RAKHRA THE SPORTS HOUSE,PSB25-26/INV-984,PSB25-26/INV-984,Being Sale of Goods - Accounted,1 Pr,,1309.32,1545.00 Dr,1309.32 Cr,,,117.84 Cr,117.84 Cr,,,,,,,,,,,,,,,,,,
,Plaeto Nova School Shoes (Size 06 UK) - Black,,,,1 Pr,1309.32/Pr,1309.32,,,,,,,,,,,,,,,,,,,,,,,,
25-Aug-25,(cancelled ),PSB25-26/INV-985,PSB25-26/INV-985,Being Sale of Goods - Accounted,,,,,,,,,,,,,,,,,,,,,,,,,,,
26-Aug-25,Samskruti The School Of Tomorrow,PSB25-26/INV-986,PSB25-26/INV-986,Being Sale of Goods - Accounted,2 Pr,,1516.08,1698.00 Dr,1516.08 Cr,,,,,181.92 Cr,,,,,,,,,,,,,,,,,
,Plaeto Aspire School Shoes (Size 11 C) - Black,,,,1 Pr,758.04/Pr,758.04,,,,,,,,,,,,,,,,,,,,,,,,
,Plaeto Aspire School Shoes (Size 12 C) - Black,,,,1 Pr,758.04/Pr,758.04,,,,,,,,,,,,,,,,,,,,,,,,
26-Aug-25,SAI ANUGRAHA TRADERS,PSB25-26/INV-987,PSB25-26/INV-987,Being Sale of Goods - Accounted,1 Pr,,701.00,785.00 Dr,701.00 Cr,,0.12 Dr,,,84.12 Cr,,,,,,,,,,,,,,,,,
,Plaeto Aspire School Shoes (Size 13 C) - Black,,,,1 Pr,701.00/Pr,701.00,,,,,,,,,,,,,,,,,,,,,,,,
28-Aug-25,Samskruti The School Of Tomorrow,PSB25-26/INV-988,PSB25-26/INV-988,Being Sale of Goods - Accounted,1 Pr,,1490.68,1759.00 Dr,1490.68 Cr,268.32 Cr,,,,,,,,,,,,,,,,,,,,,
,Reebok Prodigy Shoe (Size 05 Y) - Black,,,,1 Pr,1490.68/Pr,1490.68,,,,,,,,,,,,,,,,,,,,,,,,
29-Aug-25,JYOTHY KENDRIYA VIDYALAYA (D),PSB25-26/INV-989,PSB25-26/INV-989,Being Sale of Goods - Accounted,76 Pr,,6513.96,6840.00 Dr,6513.96 Cr,,0.34 Cr,,,,,,,,162.85 Cr,162.85 Cr,,,,,,,,,,,
,JKV Navy Penoy Crew Socks with Upper Band - (P/1) - M,,,,56 Pr,85.71/Pr,4799.76,,,,,,,,,,,,,,,,,,,,,,,,
,JKV Navy Penoy Crew Socks with Rings Colour - (P/1) - XL,,,,20 Pr,85.71/Pr,1714.20,,,,,,,,,,,,,,,,,,,,,,,,
29-Aug-25,SAI ANUGRAHA TRADERS,PSB25-26/INV-990,PSB25-26/INV-990,Being Sale of Goods - Accounted,2 Pr,,1800.00,2016.00 Dr,1800.00 Cr,,,,,216.00 Cr,,,,,,,,,,,,,,,,,
,Plaeto Nova School Shoes (Size 10 C) - Black,,,,1 Pr,900.00/Pr,900.00,,,,,,,,,,,,,,,,,,,,,,,,
,Plaeto Nova School Shoes (Size 11 C) - Black,,,,1 Pr,900.00/Pr,900.00,,,,,,,,,,,,,,,,,,,,,,,,
29-Aug-25,D S APPARELS,PSB25-26/INV-991,PSB25-26/INV-991,Being Sale of Goods - Accounted,5 Pr,,4334.82,4855.00 Dr,4334.82 Cr,,,,,,260.09 Cr,260.09 Cr,,,,,,,,,,,,,,,
,Plaeto Aspire School Shoes (Size 11 C) - Black,,,,1 Pr,695.54/Pr,695.54,,,,,,,,,,,,,,,,,,,,,,,,
,Plaeto Aspire School Shoes (Size 09 UK) - Black,,,,2 Pr,909.82/Pr,1819.64,,,,,,,,,,,,,,,,,,,,,,,,
,Plaeto Aspire School Shoes (Size 12 UK) - Black,,,,1 Pr,909.82/Pr,909.82,,,,,,,,,,,,,,,,,,,,,,,,
,Plaeto Aspire School Shoes (Size 08 UK) - White,,,,1 Pr,909.82/Pr,909.82,,,,,,,,,,,,,,,,,,,,,,,,
29-Aug-25,ELEMENTS BRAND MERCHANDISING,PSB25-26/INV-992,PSB25-26/INV-992,Being Sale of Goods - Accounted,1 Pr,,1440.00,1699.00 Dr,1440.00 Cr,259.20 Cr,0.20 Dr,,,,,,,,,,,,,,,,,,,,
,Reebok Prodigy Shoe (Size 09 US) - Black,,,,1 Pr,1440.00/Pr,1440.00,,,,,,,,,,,,,,,,,,,,,,,,
29-Aug-25,ELEMENTS BRAND MERCHANDISING,PSB25-26/INV-993,PSB25-26/INV-993,Being Sale of Goods - Accounted,1 Pr,,701.00,785.00 Dr,701.00 Cr,,0.12 Dr,,,84.12 Cr,,,,,,,,,,,,,,,,,
,Plaeto Aspire School Shoes (Size 13 C) - Black,,,,1 Pr,701.00/Pr,701.00,,,,,,,,,,,,,,,,,,,,,,,,
29-Aug-25,ETERNAL TRADING CO,PSB25-26/INV-994,PSB25-26/INV-994,Being Sale of Goods - Accounted,24 Pr,,15184.32,17006.00 Dr,15184.32 Cr,,0.44 Dr,,,1822.12 Cr,,,,,,,,,,,,,,,,,
,Plaeto S’cool  Shoes (Size 02 UK) - Black,,,,12 Pr,632.68/Pr,7592.16,,,,,,,,,,,,,,,,,,,,,,,,
,Plaeto S’cool  Shoes (Size 03 UK) - Black,,,,12 Pr,632.68/Pr,7592.16,,,,,,,,,,,,,,,,,,,,,,,,
30-Aug-25,Walk-King Shoe Company,PSB25-26/INV-995,PSB25-26/INV-995,Being Sale of Goods - Accounted,5 Pr,,7380.00,8708.00 Dr,7380.00 Cr,1328.40 Cr,0.40 Dr,,,,,,,,,,,,,,,,,,,,
,Reebok Champion Shoe (Size 09 US) - Black,,,,2 Pr,1476.00/Pr,2952.00,,,,,,,,,,,,,,,,,,,,,,,,
,Reebok Champion Shoe (Size 11 US) - Black,,,,3 Pr,1476.00/Pr,4428.00,,,,,,,,,,,,,,,,,,,,,,,,
30-Aug-25,Walk-King Shoe Company,PSB25-26/INV-996,PSB25-26/INV-996,Being Sale of Goods - Accounted,2 Pr,,2952.00,3483.00 Dr,2952.00 Cr,531.36 Cr,0.36 Dr,,,,,,,,,,,,,,,,,,,,
,Reebok Champion Shoe (Size 10 US) - Black,,,,1 Pr,1476.00/Pr,1476.00,,,,,,,,,,,,,,,,,,,,,,,,
,Reebok Champion Shoe (Size 11 US) - Black,,,,1 Pr,1476.00/Pr,1476.00,,,,,,,,,,,,,,,,,,,,,,,,
30-Aug-25,Nspira Management Services Pvt. Ltd (B),PSB25-26/INV-997,PSB25-26/INV-997,Being Sale of Goods - Accounted,21 Pr,,31149.09,36756.00 Dr,31149.09 Cr,,0.07 Cr,2803.42 Cr,2803.42 Cr,,,,,,,,,,,,,,,,,,
,Reebok Prodigy Shoe - Black,,,,1 Pr,1437.29/Pr,1437.29,,,,,,,,,,,,,,,,,,,,,,,,
,Reebok Prodigy Shoe - Black,,,,20 Pr,1485.59/Pr,29711.80,,,,,,,,,,,,,,,,,,,,,,,,
30-Aug-25,Nspira Management Services Pvt. Ltd (B),PSB25-26/INV-998,PSB25-26/INV-998,Being Sale of Goods - Accounted,23 Pr,,33927.07,40034.00 Dr,33927.07 Cr,,0.05 Cr,3053.44 Cr,3053.44 Cr,,,,,,,,,,,,,,,,,,
,Reebok Prodigy Shoe - Black,,,,5 Pr,1437.29/Pr,7186.45,,,,,,,,,,,,,,,,,,,,,,,,
,Reebok Prodigy Shoe - Black,,,,18 Pr,1485.59/Pr,26740.62,,,,,,,,,,,,,,,,,,,,,,,,
30-Aug-25,Nspira Management Services Pvt. Ltd (B),PSB25-26/INV-999,PSB25-26/INV-999,Being Sale of Goods - Accounted,27 Pr,,39579.63,46704.00 Dr,39579.63 Cr,,0.03 Cr,3562.17 Cr,3562.17 Cr,,,,,,,,,,,,,,,,,,
,Reebok Prodigy Shoe - Black,,,,11 Pr,1437.29/Pr,15810.19,,,,,,,,,,,,,,,,,,,,,,,,
,Reebok Prodigy Shoe - Black,,,,16 Pr,1485.59/Pr,23769.44,,,,,,,,,,,,,,,,,,,,,,,,
30-Aug-25,Nspira Management Services Pvt. Ltd (B),PSB2526/INV-1000,PSB2526/INV-1000,Being Sale of Goods - Accounted,20 Pr,,29566.90,34889.00 Dr,29566.90 Cr,,0.06 Cr,2661.02 Cr,2661.02 Cr,,,,,,,,,,,,,,,,,,
,Reebok Prodigy Shoe - Black,,,,3 Pr,1437.29/Pr,4311.87,,,,,,,,,,,,,,,,,,,,,,,,
,Reebok Prodigy Shoe - Black,,,,17 Pr,1485.59/Pr,25255.03,,,,,,,,,,,,,,,,,,,,,,,,
30-Aug-25,Nspira Management Services Pvt. Ltd (B),PSB2526/INV-1001,PSB2526/INV-1001,Being Sale of Goods - Accounted,6 Pr,,8913.54,10518.00 Dr,8913.54 Cr,,0.02 Cr,802.22 Cr,802.22 Cr,,,,,,,,,,,,,,,,,,
,Reebok Prodigy Shoe - Black,,,,6 Pr,1485.59/Pr,8913.54,,,,,,,,,,,,,,,,,,,,,,,,
30-Aug-25,Nspira Management Services Pvt. Ltd (B),PSB2526/INV-1002,PSB2526/INV-1002,Being Sale of Goods - Accounted,23 Pr,,33927.07,40034.00 Dr,33927.07 Cr,,0.05 Cr,3053.44 Cr,3053.44 Cr,,,,,,,,,,,,,,,,,,
,Reebok Prodigy Shoe - Black,,,,5 Pr,1437.29/Pr,7186.45,,,,,,,,,,,,,,,,,,,,,,,,
,Reebok Prodigy Shoe - Black,,,,18 Pr,1485.59/Pr,26740.62,,,,,,,,,,,,,,,,,,,,,,,,
30-Aug-25,Nspira Management Services Pvt. Ltd (B),PSB2526/INV-1003,PSB2526/INV-1003,Being Sale of Goods - Accounted,8 Pr,,11884.72,14024.00 Dr,11884.72 Cr,,0.04 Cr,1069.62 Cr,1069.62 Cr,,,,,,,,,,,,,,,,,,
,Reebok Prodigy Shoe - Black,,,,8 Pr,1485.59/Pr,11884.72,,,,,,,,,,,,,,,,,,,,,,,,
30-Aug-25,Nspira Management Services Pvt. Ltd (B),PSB2526/INV-1004,PSB2526/INV-1004,Being Sale of Goods - Accounted,31 Pr,,45715.19,53944.00 Dr,45715.19 Cr,,0.09 Cr,4114.36 Cr,4114.36 Cr,,,,,,,,,,,,,,,,,,
,Reebok Prodigy Shoe - Black,,,,7 Pr,1437.29/Pr,10061.03,,,,,,,,,,,,,,,,,,,,,,,,
,Reebok Prodigy Shoe - Black,,,,24 Pr,1485.59/Pr,35654.16,,,,,,,,,,,,,,,,,,,,,,,,
30-Aug-25,Nspira Management Services Pvt. Ltd (B),PSB2526/INV-1005,PSB2526/INV-1005,Being Sale of Goods - Accounted,1 Pr,,1437.29,1696.00 Dr,1437.29 Cr,,0.01 Dr,129.36 Cr,129.36 Cr,,,,,,,,,,,,,,,,,,
,Reebok Prodigy Shoe - Black,,,,1 Pr,1437.29/Pr,1437.29,,,,,,,,,,,,,,,,,,,,,,,,
30-Aug-25,Nspira Management Services Pvt. Ltd (B),PSB2526/INV-1006,PSB2526/INV-1006,Being Sale of Goods - Accounted,6 Pr,,8816.94,10404.00 Dr,8816.94 Cr,,0.02 Cr,793.52 Cr,793.52 Cr,,,,,,,,,,,,,,,,,,
,Reebok Prodigy Shoe - Black,,,,2 Pr,1437.29/Pr,2874.58,,,,,,,,,,,,,,,,,,,,,,,,
,Reebok Prodigy Shoe - Black,,,,4 Pr,1485.59/Pr,5942.36,,,,,,,,,,,,,,,,,,,,,,,,
30-Aug-25,Nspira Management Services Pvt. Ltd (B),PSB2526/INV-1007,PSB2526/INV-1007,Being Sale of Goods - Accounted,9 Pr,,13273.71,15663.00 Dr,13273.71 Cr,,0.03 Cr,1194.63 Cr,1194.63 Cr,,,,,,,,,,,,,,,,,,
,Reebok Prodigy Shoe - Black,,,,2 Pr,1437.29/Pr,2874.58,,,,,,,,,,,,,,,,,,,,,,,,
,Reebok Prodigy Shoe - Black,,,,7 Pr,1485.59/Pr,10399.13,,,,,,,,,,,,,,,,,,,,,,,,
30-Aug-25,Nspira Management Services Pvt. Ltd (B),PSB2526/INV-1008,PSB2526/INV-1008,Being Sale of Goods - Accounted,1 Pr,,1437.29,1696.00 Dr,1437.29 Cr,,0.01 Dr,129.36 Cr,129.36 Cr,,,,,,,,,,,,,,,,,,
,Reebok Prodigy Shoe - Black,,,,1 Pr,1437.29/Pr,1437.29,,,,,,,,,,,,,,,,,,,,,,,,
30-Aug-25,Nspira Management Services Pvt. Ltd (B),PSB2526/INV-1009,PSB2526/INV-1009,Being Sale of Goods - Accounted,2 Pr,,2971.18,3506.00 Dr,2971.18 Cr,,,267.41 Cr,267.41 Cr,,,,,,,,,,,,,,,,,,
,Reebok Prodigy Shoe - Black,,,,2 Pr,1485.59/Pr,2971.18,,,,,,,,,,,,,,,,,,,,,,,,
30-Aug-25,Nspira Management Services Pvt. Ltd (B),PSB2526/INV-1010,PSB2526/INV-1010,Being Sale of Goods - Accounted,1 Pr,,1437.29,1696.00 Dr,1437.29 Cr,,0.01 Dr,129.36 Cr,129.36 Cr,,,,,,,,,,,,,,,,,,
,Reebok Prodigy Shoe - Black,,,,1 Pr,1437.29/Pr,1437.29,,,,,,,,,,,,,,,,,,,,,,,,
30-Aug-25,Nspira Management Services Pvt. Ltd (B),PSB2526/INV-1011,PSB2526/INV-1011,Being Sale of Goods - Accounted,1 Pr,,1485.59,1753.00 Dr,1485.59 Cr,,0.01 Cr,133.70 Cr,133.70 Cr,,,,,,,,,,,,,,,,,,
,Reebok Prodigy Shoe - Black,,,,1 Pr,1485.59/Pr,1485.59,,,,,,,,,,,,,,,,,,,,,,,,
30-Aug-25,Nspira Management Services Pvt. Ltd (B),PSB2526/INV-1012,PSB2526/INV-1012,Being Sale of Goods - Accounted,2 Pr,,2874.58,3392.00 Dr,2874.58 Cr,,,258.71 Cr,258.71 Cr,,,,,,,,,,,,,,,,,,
,Reebok Prodigy Shoe - Black,,,,2 Pr,1437.29/Pr,2874.58,,,,,,,,,,,,,,,,,,,,,,,,
30-Aug-25,Aradhana Academy,PSB2526/INV-1013,PSB2526/INV-1013,Being Sale of Goods - Accounted,617 Pr,,456691.06,511494.00 Dr,456691.06 Cr,,,,,,27401.47 Cr,27401.47 Cr,,,,,,,,,,,,,,,
,Plaeto Aspire School Shoes (Size 08 C) - Black,,,,26 Pr,740.18/Pr,19244.68,,,,,,,,,,,,,,,,,,,,,,,,
,Plaeto Aspire School Shoes (Size 09 C) - Black,,,,72 Pr,740.18/Pr,53292.96,,,,,,,,,,,,,,,,,,,,,,,,
,Plaeto Aspire School Shoes (Size 10 C) - Black,,,,68 Pr,740.18/Pr,50332.24,,,,,,,,,,,,,,,,,,,,,,,,
,Plaeto Aspire School Shoes (Size 11 C) - Black,,,,97 Pr,740.18/Pr,71797.46,,,,,,,,,,,,,,,,,,,,,,,,
,Plaeto Aspire School Shoes (Size 12 C) - Black,,,,144 Pr,740.18/Pr,106585.92,,,,,,,,,,,,,,,,,,,,,,,,
,Plaeto Aspire School Shoes (Size 13 C) - Black,,,,210 Pr,740.18/Pr,155437.80,,,,,,,,,,,,,,,,,,,,,,,,
30-Aug-25,Aradhana Academy,PSB2526/INV-1014,PSB2526/INV-1014,Being Sale of Goods - Accounted,1815 Pr,,2172983.10,2564120.00 Dr,2172983.10 Cr,,0.08 Dr,195568.49 Cr,195568.49 Cr,,,,,,,,,,,,,,,,,,
,Plaeto Nova School Shoes (Size 01 UK) - Black,,,,213 Pr,1143.22/Pr,243505.86,,,,,,,,,,,,,,,,,,,,,,,,
,Plaeto Nova School Shoes (Size 02 UK) - Black,,,,210 Pr,1143.22/Pr,240076.20,,,,,,,,,,,,,,,,,,,,,,,,
,Plaeto Nova School Shoes (Size 03 UK) - Black,,,,218 Pr,1143.22/Pr,249221.96,,,,,,,,,,,,,,,,,,,,,,,,
,Plaeto Nova School Shoes (Size 04 UK) - Black,,,,210 Pr,1143.22/Pr,240076.20,,,,,,,,,,,,,,,,,,,,,,,,
,Plaeto Nova School Shoes (Size 05 UK) - Black,,,,199 Pr,1244.92/Pr,247739.08,,,,,,,,,,,,,,,,,,,,,,,,
,Plaeto Nova School Shoes (Size 06 UK) - Black,,,,150 Pr,1244.92/Pr,186738.00,,,,,,,,,,,,,,,,,,,,,,,,
,Plaeto Nova School Shoes (Size 07 UK) - Black,,,,174 Pr,1244.92/Pr,216616.08,,,,,,,,,,,,,,,,,,,,,,,,
,Plaeto Nova School Shoes (Size 08 UK) - Black,,,,123 Pr,1244.92/Pr,153125.16,,,,,,,,,,,,,,,,,,,,,,,,
,Plaeto Nova School Shoes (Size 09 UK) - Black,,,,109 Pr,1244.92/Pr,135696.28,,,,,,,,,,,,,,,,,,,,,,,,
,Plaeto Nova School Shoes (Size 10 UK) - Black,,,,87 Pr,1244.92/Pr,108308.04,,,,,,,,,,,,,,,,,,,,,,,,
,Plaeto Nova School Shoes (Size 11 UK) - Black,,,,37 Pr,1244.92/Pr,46062.04,,,,,,,,,,,,,,,,,,,,,,,,
,Plaeto Nova School Shoes (Size 12 UK) - Black,,,,85 Pr,1244.92/Pr,105818.20,,,,,,,,,,,,,,,,,,,,,,,,
30-Aug-25,Aradhana Academy,PSB2526/INV-1015,PSB2526/INV-1015,Being Sale of Goods - Accounted,1372 Pr,,1615483.24,1906270.00 Dr,1615483.24 Cr,,0.20 Dr,145393.48 Cr,145393.48 Cr,,,,,,,,,,,,,,,,,,
,Reebok Prodigy Shoe (Size 09 C) - White,,,,1 Pr,1143.22/Pr,1143.22,,,,,,,,,,,,,,,,,,,,,,,,
,Reebok Prodigy Shoe (Size 10 C) - White,,,,1 Pr,1143.22/Pr,1143.22,,,,,,,,,,,,,,,,,,,,,,,,
,Reebok Prodigy Shoe (Size 11 C) - White,,,,4 Pr,1143.22/Pr,4572.88,,,,,,,,,,,,,,,,,,,,,,,,
,Reebok Prodigy Shoe (Size 12 C) - White,,,,4 Pr,1143.22/Pr,4572.88,,,,,,,,,,,,,,,,,,,,,,,,
,Reebok Prodigy Shoe (Size 13 C) - White,,,,1 Pr,1143.22/Pr,1143.22,,,,,,,,,,,,,,,,,,,,,,,,
,Reebok Prodigy Shoe (Size 01 Y) - White,,,,139 Pr,1143.22/Pr,158907.58,,,,,,,,,,,,,,,,,,,,,,,,
,Reebok Prodigy Shoe (Size 02 Y) - White,,,,141 Pr,1143.22/Pr,161194.02,,,,,,,,,,,,,,,,,,,,,,,,
,Reebok Prodigy Shoe (Size 03 Y) - White,,,,126 Pr,1143.22/Pr,144045.72,,,,,,,,,,,,,,,,,,,,,,,,
,Reebok Prodigy Shoe (Size 04 Y) - White,,,,144 Pr,1143.22/Pr,164623.68,,,,,,,,,,,,,,,,,,,,,,,,
,Reebok Prodigy Shoe (Size 05 Y) - White,,,,169 Pr,1143.22/Pr,193204.18,,,,,,,,,,,,,,,,,,,,,,,,
,Reebok Prodigy Shoe (Size 06 Y) - White,,,,180 Pr,1143.22/Pr,205779.60,,,,,,,,,,,,,,,,,,,,,,,,
,Reebok Prodigy Shoe (Size 07 US) - White,,,,139 Pr,1244.92/Pr,173043.88,,,,,,,,,,,,,,,,,,,,,,,,
,Reebok Prodigy Shoe (Size 08 US) - White,,,,130 Pr,1244.92/Pr,161839.60,,,,,,,,,,,,,,,,,,,,,,,,
,Reebok Prodigy Shoe (Size 09 US) - White,,,,80 Pr,1244.92/Pr,99593.60,,,,,,,,,,,,,,,,,,,,,,,,
,Reebok Prodigy Shoe (Size 10 US) - White,,,,50 Pr,1244.92/Pr,62246.00,,,,,,,,,,,,,,,,,,,,,,,,
,Reebok Prodigy Shoe (Size 11 US) - White,,,,30 Pr,1244.92/Pr,37347.60,,,,,,,,,,,,,,,,,,,,,,,,
,Reebok Prodigy Shoe (Size 12 US) - White,,,,20 Pr,1244.92/Pr,24898.40,,,,,,,,,,,,,,,,,,,,,,,,
,Reebok Prodigy Shoe (Size 13 US) - White,,,,13 Pr,1244.92/Pr,16183.96,,,,,,,,,,,,,,,,,,,,,,,,
31-Aug-25,Walk in Customers - Shree Shyam,PSB2526/INV-1016,PSB2526/INV-1016,Being Sale of Goods - Accounted,16 Pr,,19965.69,23447.00 Dr,19965.69 Cr,,0.01 Cr,1719.00 Cr,1719.00 Cr,,,,,,21.65 Cr,21.65 Cr,,,,,,,,,,,
,Plaeto Nova School Shoes (Size 09C) - Black,,,,1 Pr,1186.44/Pr,1186.44,,,,,,,,,,,,,,,,,,,,,,,,
,Plaeto Nova School Shoes (Size 10 C) - Black,,,,1 Pr,1185.59/Pr,1185.59,,,,,,,,,,,,,,,,,,,,,,,,
,Plaeto Nova School Shoes (Size 11 C) - Black,,,,1 Pr,1185.59/Pr,1185.59,,,,,,,,,,,,,,,,,,,,,,,,
,Plaeto Nova School Shoes (Size 12 C) - Black,,,,1 Pr,1185.59/Pr,1185.59,,,,,,,,,,,,,,,,,,,,,,,,
,Plaeto Nova School Shoes (Size 13 C) - White,,,,1 Pr,1270.34/Pr,1270.34,,,,,,,,,,,,,,,,,,,,,,,,
,Plaeto Nova School Shoes (Size 04 UK) - Black,,,,1 Pr,1482.20/Pr,1482.20,,,,,,,,,,,,,,,,,,,,,,,,
,Plaeto Nova School Shoes (Size 05 UK) - Black,,,,1 Pr,1651.69/Pr,1651.69,,,,,,,,,,,,,,,,,,,,,,,,
,Plaeto Nova School Shoes (Size 06 UK) - Black,,,,1 Pr,1609.32/Pr,1609.32,,,,,,,,,,,,,,,,,,,,,,,,
,Plaeto Nova School Shoes (Size 06 UK) - Black,,,,1 Pr,1651.69/Pr,1651.69,,,,,,,,,,,,,,,,,,,,,,,,
,Plaeto Nova School Shoes (Size 07 UK) - Black,,,,1 Pr,1609.32/Pr,1609.32,,,,,,,,,,,,,,,,,,,,,,,,
,Plaeto Nova School Shoes (Size 08 UK) - Black,,,,1 Pr,1694.07/Pr,1694.07,,,,,,,,,,,,,,,,,,,,,,,,
,Plaeto Nova School Shoes (Size 09 UK) - Black,,,,1 Pr,1694.07/Pr,1694.07,,,,,,,,,,,,,,,,,,,,,,,,
,Plaeto Nova School Shoes (Size 09 UK) - White,,,,1 Pr,1694.07/Pr,1694.07,,,,,,,,,,,,,,,,,,,,,,,,
,Sri Vani Navy Blue Crew Length Socks (P/3) - S,,,,2 Pr,257.14/Pr,514.28,,,,,,,,,,,,,,,,,,,,,,,,
,Sri Vani Navy Blue Crew Length Socks (P/3) - S,,,,1 Pr,351.43/Pr,351.43,,,,,,,,,,,,,,,,,,,,,,,,
31-Aug-25,Walk in Customers - Sahakar Nagar,PSB2526/INV-1017,PSB2526/INV-1017,Being Sale of Goods - Accounted,4 Pr,,5991.52,7070.00 Dr,5991.52 Cr,,,539.24 Cr,539.24 Cr,,,,,,,,,,,,,,,,,,
,Plaeto Nova School Shoes (Size 01 UK) - Black,,,,1 Pr,1652.54/Pr,1652.54,,,,,,,,,,,,,,,,,,,,,,,,
,Plaeto Nova School Shoes (Size 03 UK) - Black,,,,1 Pr,1186.44/Pr,1186.44,,,,,,,,,,,,,,,,,,,,,,,,
,Plaeto Nova School Shoes (Size 03 UK) - Black,,,,1 Pr,1525.42/Pr,1525.42,,,,,,,,,,,,,,,,,,,,,,,,
,Plaeto Nova School Shoes (Size 04 UK) - Black,,,,1 Pr,1627.12/Pr,1627.12,,,,,,,,,,,,,,,,,,,,,,,,
31-Aug-25,Delhi Public School - Whitefield,PSB2526/INV-1018,PSB2526/INV-1018,Being Sale of Goods - Accounted,9 Pr,,15610.98,18421.00 Dr,15610.98 Cr,,0.04 Cr,1404.99 Cr,1404.99 Cr,,,,,,,,,,,,,,,,,,
,Plaeto Nova School Shoes (Size 10 C) - Black,,,,1 Pr,1380.51/Pr,1380.51,,,,,,,,,,,,,,,,,,,,,,,,
,Plaeto Nova School Shoes (Size 01 UK) - Black,,,,2 Pr,1651.69/Pr,3303.38,,,,,,,,,,,,,,,,,,,,,,,,
,Plaeto Nova School Shoes (Size 02 UK) - Black,,,,1 Pr,1651.69/Pr,1651.69,,,,,,,,,,,,,,,,,,,,,,,,
,Plaeto Nova School Shoes (Size 05 UK) - Black,,,,1 Pr,1855.08/Pr,1855.08,,,,,,,,,,,,,,,,,,,,,,,,
,Plaeto Nova School Shoes (Size 06 UK) - Black,,,,1 Pr,1855.08/Pr,1855.08,,,,,,,,,,,,,,,,,,,,,,,,
,Plaeto Nova School Shoes (Size 09 UK) - Black,,,,2 Pr,1855.08/Pr,3710.16,,,,,,,,,,,,,,,,,,,,,,,,
,Plaeto Nova School Shoes (Size 11 UK) - Black,,,,1 Pr,1855.08/Pr,1855.08,,,,,,,,,,,,,,,,,,,,,,,,
31-Aug-25,R.V. INTERNATIONAL SCHOOL,PSB2526/INV-1019,PSB2526/INV-1019,Being Sale of Goods - Accounted,2 Pr,,1980.36,2218.00 Dr,1980.36 Cr,,,,,,118.82 Cr,118.82 Cr,,,,,,,,,,,,,,,
,Plaeto Aspire School Shoes (Size 12 C) - Black,,,,2 Pr,990.18/Pr,1980.36,,,,,,,,,,,,,,,,,,,,,,,,
31-Aug-25,DECCAN INTERNATIONAL SCHL ****,PSB2526/INV-1020,PSB2526/INV-1020,Being Sale of Goods - Accounted,15 Pr,,28258.46,33345.00 Dr,28258.46 Cr,,0.04 Cr,2543.25 Cr,2543.25 Cr,,,,,,,,,,,,,,,,,,
,Reebok Prodigy Shoe (Size 12 C) - Black,,,,1 Pr,1829.66/Pr,1829.66,,,,,,,,,,,,,,,,,,,,,,,,
,Reebok Prodigy Shoe (Size 13 C) - Black,,,,1 Pr,1829.66/Pr,1829.66,,,,,,,,,,,,,,,,,,,,,,,,
,Reebok Prodigy Shoe (Size 01 Y) - Black,,,,1 Pr,1829.66/Pr,1829.66,,,,,,,,,,,,,,,,,,,,,,,,
,Reebok Prodigy Shoe (Size 02 Y) - Black,,,,1 Pr,1829.66/Pr,1829.66,,,,,,,,,,,,,,,,,,,,,,,,
,Reebok Prodigy Shoe (Size 03 Y) - Black,,,,2 Pr,1829.66/Pr,3659.32,,,,,,,,,,,,,,,,,,,,,,,,
,Reebok Prodigy Shoe (Size 04 Y) - Black,,,,3 Pr,1829.66/Pr,5488.98,,,,,,,,,,,,,,,,,,,,,,,,
,Reebok Prodigy Shoe (Size 06 Y) - Black,,,,2 Pr,1829.66/Pr,3659.32,,,,,,,,,,,,,,,,,,,,,,,,
,Reebok Prodigy Shoe (Size 08 US) - Black,,,,1 Pr,2033.05/Pr,2033.05,,,,,,,,,,,,,,,,,,,,,,,,
,Reebok Prodigy Shoe (Size 09 US) - Black,,,,1 Pr,2033.05/Pr,2033.05,,,,,,,,,,,,,,,,,,,,,,,,
,Reebok Prodigy Shoe (Size 11 US) - Black,,,,1 Pr,2033.05/Pr,2033.05,,,,,,,,,,,,,,,,,,,,,,,,
,Reebok Prodigy Shoe (Size 12 US) - Black,,,,1 Pr,2033.05/Pr,2033.05,,,,,,,,,,,,,,,,,,,,,,,,
31-Aug-25,Delhi Public School - Whitefield,PSB2526/INV-1021,PSB2526/INV-1021,Being Sale of Goods - Accounted,8 Pr,,13755.90,16232.00 Dr,13755.90 Cr,,0.04 Cr,1238.03 Cr,1238.03 Cr,,,,,,,,,,,,,,,,,,
,Plaeto Nova School Shoes (Size 13 C) - Black,,,,1 Pr,1380.51/Pr,1380.51,,,,,,,,,,,,,,,,,,,,,,,,
,Plaeto Nova School Shoes (Size 01 UK) - Black,,,,1 Pr,1651.69/Pr,1651.69,,,,,,,,,,,,,,,,,,,,,,,,
,Plaeto Nova School Shoes (Size 04 UK) - Black,,,,2 Pr,1651.69/Pr,3303.38,,,,,,,,,,,,,,,,,,,,,,,,
,Plaeto Nova School Shoes (Size 06 UK) - Black,,,,1 Pr,1855.08/Pr,1855.08,,,,,,,,,,,,,,,,,,,,,,,,
,Plaeto Nova School Shoes (Size 07 UK) - Black,,,,1 Pr,1855.08/Pr,1855.08,,,,,,,,,,,,,,,,,,,,,,,,
,Plaeto Nova School Shoes (Size 08 UK) - Black,,,,2 Pr,1855.08/Pr,3710.16,,,,,,,,,,,,,,,,,,,,,,,,
31-Aug-25,St. John's High School,PSB2526/INV-1022,PSB2526/INV-1022,Being Sale of Goods - Accounted,9 Pr,,10494.90,12384.00 Dr,10494.90 Cr,,,944.55 Cr,944.55 Cr,,,,,,,,,,,,,,,,,,
,Plaeto Aspire School Shoes (Size 06 UK) - Black,,,,1 Pr,1166.10/Pr,1166.10,,,,,,,,,,,,,,,,,,,,,,,,
,Plaeto Aspire School Shoes (Size 07 UK) - Black,,,,2 Pr,1166.10/Pr,2332.20,,,,,,,,,,,,,,,,,,,,,,,,
,Plaeto Aspire School Shoes (Size 10 UK) - Black,,,,1 Pr,1166.10/Pr,1166.10,,,,,,,,,,,,,,,,,,,,,,,,
,Plaeto Aspire School Shoes (Size 05 UK) - White,,,,1 Pr,1166.10/Pr,1166.10,,,,,,,,,,,,,,,,,,,,,,,,
,Plaeto Aspire School Shoes (Size 07 UK) - White,,,,2 Pr,1166.10/Pr,2332.20,,,,,,,,,,,,,,,,,,,,,,,,
,Plaeto Aspire School Shoes (Size 08 UK) - White,,,,1 Pr,1166.10/Pr,1166.10,,,,,,,,,,,,,,,,,,,,,,,,
,Plaeto Aspire School Shoes (Size 10 UK) - White,,,,1 Pr,1166.10/Pr,1166.10,,,,,,,,,,,,,,,,,,,,,,,,
31-Aug-25,St. John's High School,PSB2526/INV-1023,PSB2526/INV-1023,Being Sale of Goods - Accounted,159 Pr,,202975.72,239511.00 Dr,202975.72 Cr,,0.36 Dr,18267.82 Cr,18267.82 Cr,,,,,,,,,,,,,,,,,,
,Plaeto Aspire School Shoes (Size 12 C) - Black,,,,1 Pr,1000.00/Pr,1000.00,,,,,,,,,,,,,,,,,,,,,,,,
,Plaeto Aspire School Shoes (Size 02 UK) - Black,,,,5 Pr,1219.49/Pr,6097.45,,,,,,,,,,,,,,,,,,,,,,,,
,Plaeto Aspire School Shoes (Size 03 UK) - Black,,,,4 Pr,1233.00/Pr,4932.00,,,,,,,,,,,,,,,,,,,,,,,,
,Plaeto Aspire School Shoes (Size 04 UK) - Black,,,,2 Pr,1219.49/Pr,2438.98,,,,,,,,,,,,,,,,,,,,,,,,
,Plaeto Aspire School Shoes (Size 05 UK) - Black,,,,18 Pr,1295.76/Pr,23323.68,,,,,,,,,,,,,,,,,,,,,,,,
,Plaeto Aspire School Shoes (Size 06 UK) - Black,,,,13 Pr,1295.76/Pr,16844.88,,,,,,,,,,,,,,,,,,,,,,,,
,Plaeto Aspire School Shoes (Size 07 UK) - Black,,,,12 Pr,1295.76/Pr,15549.12,,,,,,,,,,,,,,,,,,,,,,,,
,Plaeto Aspire School Shoes (Size 08 UK) - Black,,,,5 Pr,1295.76/Pr,6478.80,,,,,,,,,,,,,,,,,,,,,,,,
,Plaeto Aspire School Shoes (Size 09 UK) - Black,,,,5 Pr,1295.76/Pr,6478.80,,,,,,,,,,,,,,,,,,,,,,,,
,Plaeto Aspire School Shoes (Size 10 UK) - Black,,,,2 Pr,1295.76/Pr,2591.52,,,,,,,,,,,,,,,,,,,,,,,,
,Plaeto Aspire School Shoes (Size 12 UK) - Black,,,,1 Pr,1295.76/Pr,1295.76,,,,,,,,,,,,,,,,,,,,,,,,
,Plaeto Aspire School Shoes (Size 12 C) - White,,,,1 Pr,1000.00/Pr,1000.00,,,,,,,,,,,,,,,,,,,,,,,,
,Plaeto Aspire School Shoes (Size 01 UK) - White,,,,2 Pr,1219.49/Pr,2438.98,,,,,,,,,,,,,,,,,,,,,,,,
,Plaeto Aspire School Shoes (Size 02 UK) - White,,,,6 Pr,1207.49/Pr,7244.94,,,,,,,,,,,,,,,,,,,,,,,,
,Plaeto Aspire School Shoes (Size 03 UK) - White,,,,6 Pr,1219.49/Pr,7316.94,,,,,,,,,,,,,,,,,,,,,,,,
,Plaeto Aspire School Shoes (Size 04 UK) - White,,,,7 Pr,1219.49/Pr,8536.43,,,,,,,,,,,,,,,,,,,,,,,,
,Plaeto Aspire School Shoes (Size 05 UK) - White,,,,18 Pr,1295.76/Pr,23323.68,,,,,,,,,,,,,,,,,,,,,,,,
,Plaeto Aspire School Shoes (Size 06 UK) - White,,,,15 Pr,1295.76/Pr,19436.40,,,,,,,,,,,,,,,,,,,,,,,,
,Plaeto Aspire School Shoes (Size 07 UK) - White,,,,16 Pr,1295.76/Pr,20732.16,,,,,,,,,,,,,,,,,,,,,,,,
,Plaeto Aspire School Shoes (Size 08 UK) - White,,,,8 Pr,1295.76/Pr,10366.08,,,,,,,,,,,,,,,,,,,,,,,,
,Plaeto Aspire School Shoes (Size 09 UK) - White,,,,6 Pr,1295.76/Pr,7774.56,,,,,,,,,,,,,,,,,,,,,,,,
,Plaeto Aspire School Shoes (Size 10 UK) - White,,,,3 Pr,1295.76/Pr,3887.28,,,,,,,,,,,,,,,,,,,,,,,,
,Plaeto Aspire School Shoes (Size 11 UK) - White,,,,2 Pr,1295.76/Pr,2591.52,,,,,,,,,,,,,,,,,,,,,,,,
,Plaeto Aspire School Shoes (Size 12 UK) - White,,,,1 Pr,1295.76/Pr,1295.76,,,,,,,,,,,,,,,,,,,,,,,,
31-Aug-25,Walk in Customers - Office Store,PSB2526/INV-1024,PSB2526/INV-1024,Being Sale of Goods - Accounted,,,80632.53,94156.00 Dr,80632.53 Cr,,0.03 Cr,6571.23 Cr,6571.23 Cr,,,,,,190.49 Cr,190.49 Cr,,,,,,,,,,,
,Plaeto Nova School Shoes (Size 10 C) - Black,,,,2 Pr,1525.42/Pr,3050.84,,,,,,,,,,,,,,,,,,,,,,,,
,Plaeto Nova School Shoes (Size 11 C) - Black,,,,4 Pr,1525.42/Pr,6101.68,,,,,,,,,,,,,,,,,,,,,,,,
,Plaeto Nova School Shoes (Size 12 C) - Black,,,,2 Pr,1525.42/Pr,3050.84,,,,,,,,,,,,,,,,,,,,,,,,
,Plaeto Nova School Shoes (Size 13 C) - Black,,,,4 Pr,1355.72/Pr,5422.88,,,,,,,,,,,,,,,,,,,,,,,,
,Plaeto Aspire School Shoes (Size 01 UK) - Black,,,,2 Pr,1630.93/Pr,3261.86,,,,,,,,,,,,,,,,,,,,,,,,
,Plaeto Nova School Shoes (Size 02 UK) - Black,,,,3 Pr,1694.92/Pr,5084.76,,,,,,,,,,,,,,,,,,,,,,,,
,Plaeto Nova School Shoes (Size 03 UK) - Black,,,,1 Pr,1779.66/Pr,1779.66,,,,,,,,,,,,,,,,,,,,,,,,
,Plaeto Nova School Shoes (Size 04 UK) - Black,,,,4 Pr,1550.85/Pr,6203.40,,,,,,,,,,,,,,,,,,,,,,,,
,Plaeto Nova School Shoes (Size 05 UK) - Black,,,,1 Pr,1949.15/Pr,1949.15,,,,,,,,,,,,,,,,,,,,,,,,
,Plaeto Nova School Shoes (Size 06 UK) - Black,,,,3 Pr,1881.36/Pr,5644.08,,,,,,,,,,,,,,,,,,,,,,,,
,Plaeto Nova School Shoes (Size 07 UK) - Black,,,,2 Pr,1758.05/Pr,3516.10,,,,,,,,,,,,,,,,,,,,,,,,
,Plaeto Nova School Shoes (Size 08 UK) - Black,,,,2 Pr,1949.15/Pr,3898.30,,,,,,,,,,,,,,,,,,,,,,,,
,Plaeto Nova School Shoes (Size 09 UK) - Black,,,,4 Pr,1514.19/Pr,6056.76,,,,,,,,,,,,,,,,,,,,,,,,
,Plaeto Nova School Shoes (Size 10 UK) - Black,,,,1 Pr,1754.24/Pr,1754.24,,,,,,,,,,,,,,,,,,,,,,,,
,Plaeto Nova School Shoes (Size 11 UK) - Black,,,,1 Pr,1847.46/Pr,1847.46,,,,,,,,,,,,,,,,,,,,,,,,
,Reebok Prodigy Shoe (Size 10 C) - Black,,,,1 Pr,1592.37/Pr,1592.37,,,,,,,,,,,,,,,,,,,,,,,,
,Reebok Prodigy Shoe (Size 01 Y) - White,,,,1 Pr,1592.37/Pr,1592.37,,,,,,,,,,,,,,,,,,,,,,,,
,Reebok Prodigy Shoe (Size 08 US) - Black,,,,2 Pr,1778.81/Pr,3557.62,,,,,,,,,,,,,,,,,,,,,,,,
,Reebok Prodigy Shoe (Size 09 US) - Black,,,,1 Pr,1694.07/Pr,1694.07,,,,,,,,,,,,,,,,,,,,,,,,
,Reebok Prodigy Shoe (Size 10 US) - White,,,,1 Pr,1694.07/Pr,1694.07,,,,,,,,,,,,,,,,,,,,,,,,
,Reebok Prodigy Shoe (Size 11 US) - Black,,,,1 Pr,2033.05/Pr,2033.05,,,,,,,,,,,,,,,,,,,,,,,,
,Reebok Prodigy Shoe (Size 13 US) - Black,,,,1 Pr,2033.05/Pr,2033.05,,,,,,,,,,,,,,,,,,,,,,,,
,Champ's Value Pack,,,,1 Nos,194.92/Nos,194.92,,,,,,,,,,,,,,,,,,,,,,,,
,Legacy Navy Blue Ankle Socks (P/3) - XS,,,,5 Pr,380.95/Pr,1904.75,,,,,,,,,,,,,,,,,,,,,,,,
,Legacy Navy Blue Ankle Socks (P/3) - S,,,,4 Pr,380.95/Pr,1523.80,,,,,,,,,,,,,,,,,,,,,,,,
,Legacy Navy Blue Ankle Socks (P/3) - M,,,,4 Pr,380.95/Pr,1523.80,,,,,,,,,,,,,,,,,,,,,,,,
,Legacy Navy Blue Ankle Socks (P/3) - L,,,,5 Pr,380.95/Pr,1904.75,,,,,,,,,,,,,,,,,,,,,,,,
,Legacy Navy Blue Ankle Socks (P/3) - XL,,,,2 Pr,380.95/Pr,761.90,,,,,,,,,,,,,,,,,,,,,,,,
31-Aug-25,Online Debtors - Sports365 Local,PSB2526/INV-1025,PSB2526/INV-1025,Being Booked Local B2C Sales for the month of Aug'25,,,,2002531.00 Dr,,,0.28 Cr,19808.01 Cr,19808.01 Cr,,,,,,41495.85 Cr,41495.85 Cr,,,1659834.00 Cr,145967.00 Cr,74122.00 Cr,,,,,,
31-Aug-25,Reliance Retail Limited - Market Places,PSB2526INV-1025A,PSB2526INV-1025A,Being Booked Local Sales for the month of Aug'25,,,,7630.00 Dr,,,0.12 Cr,581.94 Cr,581.94 Cr,,,,,,,,,,,6466.00 Cr,,,,,,,
31-Aug-25,Online Debtors - Sports365,PSB2526/INV-1026,PSB2526/INV-1026,Being Booked Interstate Online B2C Sales for the month of Aug'25,,,,255777.00 Dr,,19812.96 Cr,0.09 Dr,,,70.68 Cr,,,,,,,5963.45 Cr,13145.00 Cr,,,,119269.00 Cr,589.00 Cr,96927.00 Cr,,,
,Grand Total,,,,,,6944155.01,10402486.00 Dr,6944155.01 Cr,109810.83 Cr,3.64 Dr,516771.55 Cr,516771.55 Cr,24195.89 Cr,38778.55 Cr,38778.55 Cr,2142.85 Cr,535.71 Cr,42800.82 Cr,42800.82 Cr,7611.56 Cr,14161.95 Cr,1659834.00 Cr,152433.00 Cr,74122.00 Cr,119269.00 Cr,589.00 Cr,96927.00 Cr,,,
