Date,Particulars,Voucher No.,Voucher Ref. No.,Narration,Quantity,Rate,Value,Gross Total,GST Sales,Output IGST @ 12%,Output IGST @ 18%,Round Off,Output IGST @ 5%,Output CGST @ 2.5%,Output SGST @ 2.5%,TCS on Sales (0.1%),Output CGST @ 6%,Output SGST @ 6%,Output CGST @ 9%,Output SGST @ 9%,Input CGST @ 2.5%,Input SGST @ 2.5%,Input CGST @ 6%,Input SGST @ 6%,Input CGST @ 9%,Input SGST @ 9%,Local GST Sales @ 5%,Local GST Sales @ 18%,Interstate GST Sales @ 5%
03-Feb-25,S-Mart Departmental Store,PSB24-25/INV-821,PSB24-25/INV-821,Being Sale of Goods - Accounted,36 Pr,,33346.00,38004.00 Dr,33346.00 Cr,2689.32 Cr,1968.30 Cr,0.38 Cr,,,,,,,,,,,,,,,,,
,Plaeto Aspire School Shoes (Size 09 C) - Black,,,,5 Pr,701.00/Pr,3505.00,,,,,,,,,,,,,,,,,,,,,,
,Plaeto Aspire School Shoes (Size 01 UK) - Black,,,,5 Pr,831.00/Pr,4155.00,,,,,,,,,,,,,,,,,,,,,,
,Plaeto Aspire School Shoes (Size 03 UK) - Black,,,,5 Pr,831.00/Pr,4155.00,,,,,,,,,,,,,,,,,,,,,,
,Plaeto Aspire School Shoes (Size 05 UK) - Black,,,,5 Pr,883.00/Pr,4415.00,,,,,,,,,,,,,,,,,,,,,,
,Plaeto Aspire School Shoes (Size 06 UK) - Black,,,,5 Pr,883.00/Pr,4415.00,,,,,,,,,,,,,,,,,,,,,,
,Plaeto Aspire School Shoes (Size 07 UK) - Black,,,,2 Pr,883.00/Pr,1766.00,,,,,,,,,,,,,,,,,,,,,,
,Plaeto Nova School Shoes (Size 08 UK) - Black,,,,5 Pr,1215.00/Pr,6075.00,,,,,,,,,,,,,,,,,,,,,,
,Plaeto Nova School Shoes (Size 10 UK) - Black,,,,2 Pr,1215.00/Pr,2430.00,,,,,,,,,,,,,,,,,,,,,,
,Plaeto Nova School Shoes (Size 11 UK) - Black,,,,2 Pr,1215.00/Pr,2430.00,,,,,,,,,,,,,,,,,,,,,,
05-Feb-25,SAI AKSHAYA ASSOCIATES,PSB24-25/INV-822,PSB24-25/INV-822,Being Sale of Goods - Accounted,680 Pcs,,338870.00,355814.00 Dr,338870.00 Cr,,,0.50 Cr,16943.50 Cr,,,,,,,,,,,,,,,,
,Amaltas Sweat Shirt - 22,,,,15 Pcs,489.00/Pcs,7335.00,,,,,,,,,,,,,,,,,,,,,,
,Amaltas Sweat Shirt - 24,,,,65 Pcs,489.00/Pcs,31785.00,,,,,,,,,,,,,,,,,,,,,,
,Amaltas Sweat Shirt - 26,,,,155 Pcs,489.00/Pcs,75795.00,,,,,,,,,,,,,,,,,,,,,,
,Amaltas Sweat Shirt - 28,,,,155 Pcs,489.00/Pcs,75795.00,,,,,,,,,,,,,,,,,,,,,,
,Amaltas Sweat Shirt - 30,,,,80 Pcs,509.00/Pcs,40720.00,,,,,,,,,,,,,,,,,,,,,,
,Amaltas Sweat Shirt - 32,,,,55 Pcs,509.00/Pcs,27995.00,,,,,,,,,,,,,,,,,,,,,,
,Amaltas Sweat Shirt - 34,,,,45 Pcs,509.00/Pcs,22905.00,,,,,,,,,,,,,,,,,,,,,,
,Amaltas Sweat Shirt - 36,,,,55 Pcs,509.00/Pcs,27995.00,,,,,,,,,,,,,,,,,,,,,,
,Amaltas Sweat Shirt - 38,,,,30 Pcs,519.00/Pcs,15570.00,,,,,,,,,,,,,,,,,,,,,,
,Amaltas Sweat Shirt - 40,,,,15 Pcs,519.00/Pcs,7785.00,,,,,,,,,,,,,,,,,,,,,,
,Amaltas Sweat Shirt - 42,,,,10 Pcs,519.00/Pcs,5190.00,,,,,,,,,,,,,,,,,,,,,,
10-Feb-25,Mr. Soman,PSB24-25/INV-823,PSB24-25/INV-823,Being Sale of Goods - Accounted,37 Pr,,2812.00,2953.00 Dr,2812.00 Cr,,,0.40 Cr,,70.30 Cr,70.30 Cr,,,,,,,,,,,,,,
,VPS Black Crew Length Socks (P/1) - M,,,,20 Pr,76.00/Pr,1520.00,,,,,,,,,,,,,,,,,,,,,,
,VPS Black Crew Length Socks (P/1) - L,,,,1 Pr,76.00/Pr,76.00,,,,,,,,,,,,,,,,,,,,,,
,VPS Black Crew Length Socks (P/1) - XL,,,,16 Pr,76.00/Pr,1216.00,,,,,,,,,,,,,,,,,,,,,,
12-Feb-25,ETERNAL TRADING CO,PSB24-25/INV-824,PSB24-25/INV-824,Being Sale of Goods - Accounted,8 Pr,,5889.00,6603.00 Dr,5889.00 Cr,706.68 Cr,,0.32 Cr,,,,7.00 Cr,,,,,,,,,,,,,
,Plaeto Nova School Shoes (Size 10 C) - Black,,,,1 Pr,919.50/Pr,919.50,,,,,,,,,,,,,,,,,,,,,,
,Plaeto Nova School Shoes (Size 11 C) - Black,,,,1 Pr,919.50/Pr,919.50,,,,,,,,,,,,,,,,,,,,,,
,Plaeto Aspire School Shoes (Size 07 C) - Black,,,,1 Pr,675.00/Pr,675.00,,,,,,,,,,,,,,,,,,,,,,
,Plaeto Aspire School Shoes (Size 08 C) - Black,,,,1 Pr,675.00/Pr,675.00,,,,,,,,,,,,,,,,,,,,,,
,Plaeto Aspire School Shoes (Size 09 C) - Black,,,,1 Pr,675.00/Pr,675.00,,,,,,,,,,,,,,,,,,,,,,
,Plaeto Aspire School Shoes (Size 10 C) - Black,,,,1 Pr,675.00/Pr,675.00,,,,,,,,,,,,,,,,,,,,,,
,Plaeto Aspire School Shoes (Size 11 C) - Black,,,,1 Pr,675.00/Pr,675.00,,,,,,,,,,,,,,,,,,,,,,
,Plaeto Aspire School Shoes (Size 12 C) - Black,,,,1 Pr,675.00/Pr,675.00,,,,,,,,,,,,,,,,,,,,,,
13-Feb-25,R M SURESH & CO,PSB24-25/INV-825,PSB24-25/INV-825,Being Sale of Goods - Accounted,8 Pr,,6896.02,7724.00 Dr,6896.02 Cr,,,0.46 Cr,,,,,413.76 Cr,413.76 Cr,,,,,,,,,,,
,Plaeto Nova School Shoes (Size 10 C) - Black,,,,1 Pr,959.52/Pr,959.52,,,,,,,,,,,,,,,,,,,,,,
,Plaeto Aspire School Shoes (Size 12 C) - Black,,,,1 Pr,714.50/Pr,714.50,,,,,,,,,,,,,,,,,,,,,,
,Plaeto Aspire School Shoes (Size 13 C) - Black,,,,1 Pr,714.50/Pr,714.50,,,,,,,,,,,,,,,,,,,,,,
,Plaeto Aspire School Shoes (Size 02 UK) - Black,,,,1 Pr,879.50/Pr,879.50,,,,,,,,,,,,,,,,,,,,,,
,Plaeto Aspire School Shoes (Size 03 UK) - Black,,,,1 Pr,879.50/Pr,879.50,,,,,,,,,,,,,,,,,,,,,,
,Plaeto Aspire School Shoes (Size 04 UK) - Black,,,,1 Pr,879.50/Pr,879.50,,,,,,,,,,,,,,,,,,,,,,
,Plaeto Aspire School Shoes (Size 05 UK) - Black,,,,1 Pr,934.50/Pr,934.50,,,,,,,,,,,,,,,,,,,,,,
,Plaeto Aspire School Shoes (Size 06 UK) - Black,,,,1 Pr,934.50/Pr,934.50,,,,,,,,,,,,,,,,,,,,,,
13-Feb-25,LYALLPUR UNIFORMS PRIVATE LIMITED,PSB24-25/INV-826,PSB24-25/INV-826,Being Sale of Goods - Accounted,988 Pr,,1481712.00,1748420.00 Dr,1481712.00 Cr,,266708.16 Cr,0.16 Dr,,,,,,,,,,,,,,,,,
,Puma School Shoes (Size 09 C) - Black,,,,25 Pr,1344.00/Pr,33600.00,,,,,,,,,,,,,,,,,,,,,,
,Puma School Shoes (Size 10 C) - Black,,,,35 Pr,1344.00/Pr,47040.00,,,,,,,,,,,,,,,,,,,,,,
,Puma School Shoes (Size 11 C) - Black,,,,25 Pr,1344.00/Pr,33600.00,,,,,,,,,,,,,,,,,,,,,,
,Puma School Shoes (Size 12 C) - Black,,,,30 Pr,1344.00/Pr,40320.00,,,,,,,,,,,,,,,,,,,,,,
,Puma School Shoes (Size 13 C) - Black,,,,50 Pr,1344.00/Pr,67200.00,,,,,,,,,,,,,,,,,,,,,,
,Puma School Shoes (Size 01 UK) - Black,,,,22 Pr,1440.00/Pr,31680.00,,,,,,,,,,,,,,,,,,,,,,
,Puma School Shoes (Size 02 UK) - Black,,,,25 Pr,1440.00/Pr,36000.00,,,,,,,,,,,,,,,,,,,,,,
,Puma School Shoes (Size 03 UK) - Black,,,,2 Pr,1440.00/Pr,2880.00,,,,,,,,,,,,,,,,,,,,,,
,Puma School Shoes (Size 04 UK) - Black,,,,67 Pr,1440.00/Pr,96480.00,,,,,,,,,,,,,,,,,,,,,,
,Puma School Shoes (Size 05 UK) - Black,,,,40 Pr,1584.00/Pr,63360.00,,,,,,,,,,,,,,,,,,,,,,
,Puma School Shoes (Size 06 UK) - Black,,,,68 Pr,1584.00/Pr,107712.00,,,,,,,,,,,,,,,,,,,,,,
,Puma School Shoes (Size 07 UK) - Black,,,,71 Pr,1584.00/Pr,112464.00,,,,,,,,,,,,,,,,,,,,,,
,Puma School Shoes (Size 08 UK) - Black,,,,65 Pr,1584.00/Pr,102960.00,,,,,,,,,,,,,,,,,,,,,,
,Puma School Shoes (Size 09 UK) - Black,,,,75 Pr,1584.00/Pr,118800.00,,,,,,,,,,,,,,,,,,,,,,
,Puma School Shoes (Size 10 UK) - Black,,,,46 Pr,1584.00/Pr,72864.00,,,,,,,,,,,,,,,,,,,,,,
,Puma School Shoes (Size 11 UK) - Black,,,,25 Pr,1584.00/Pr,39600.00,,,,,,,,,,,,,,,,,,,,,,
,Puma School Shoes (Size 12 UK) - Black,,,,17 Pr,1584.00/Pr,26928.00,,,,,,,,,,,,,,,,,,,,,,
,Puma School Shoes (Size 10 C) - White,,,,31 Pr,1344.00/Pr,41664.00,,,,,,,,,,,,,,,,,,,,,,
,Puma School Shoes (Size 11 C) - White,,,,18 Pr,1344.00/Pr,24192.00,,,,,,,,,,,,,,,,,,,,,,
,Puma School Shoes (Size 12 C) - White,,,,8 Pr,1344.00/Pr,10752.00,,,,,,,,,,,,,,,,,,,,,,
,Puma School Shoes (Size 13 C) - White,,,,32 Pr,1344.00/Pr,43008.00,,,,,,,,,,,,,,,,,,,,,,
,Puma School Shoes (Size 01 UK) - White,,,,10 Pr,1440.00/Pr,14400.00,,,,,,,,,,,,,,,,,,,,,,
,Puma School Shoes (Size 02 UK) - White,,,,8 Pr,1440.00/Pr,11520.00,,,,,,,,,,,,,,,,,,,,,,
,Puma School Shoes (Size 03 UK) - White,,,,11 Pr,1440.00/Pr,15840.00,,,,,,,,,,,,,,,,,,,,,,
,Puma School Shoes (Size 04 UK) - White,,,,10 Pr,1440.00/Pr,14400.00,,,,,,,,,,,,,,,,,,,,,,
,Puma School Shoes (Size 05 UK) - White,,,,20 Pr,1584.00/Pr,31680.00,,,,,,,,,,,,,,,,,,,,,,
,Puma School Shoes (Size 06 UK) - White,,,,36 Pr,1584.00/Pr,57024.00,,,,,,,,,,,,,,,,,,,,,,
,Puma School Shoes (Size 07 UK) - White,,,,36 Pr,1584.00/Pr,57024.00,,,,,,,,,,,,,,,,,,,,,,
,Puma School Shoes (Size 08 UK) - White,,,,24 Pr,1584.00/Pr,38016.00,,,,,,,,,,,,,,,,,,,,,,
,Puma School Shoes (Size 09 UK) - White,,,,19 Pr,1584.00/Pr,30096.00,,,,,,,,,,,,,,,,,,,,,,
,Puma School Shoes (Size 10 UK) - White,,,,18 Pr,1584.00/Pr,28512.00,,,,,,,,,,,,,,,,,,,,,,
,Puma School Shoes (Size 11 UK) - White,,,,8 Pr,1584.00/Pr,12672.00,,,,,,,,,,,,,,,,,,,,,,
,Puma School Shoes (Size 12 UK) - White,,,,11 Pr,1584.00/Pr,17424.00,,,,,,,,,,,,,,,,,,,,,,
13-Feb-25,Mr. Soman,PSB24-25/INV-827,PSB24-25/INV-827,Being Sale of Goods - Accounted,1 Pr,,1484.75,1752.00 Dr,1484.75 Cr,,,0.01 Dr,,,,,,,133.63 Cr,133.63 Cr,,,,,,,,,
,Plaeto Nova School Shoes (Size 11 UK) - Black,,,,1 Pr,1484.75/Pr,1484.75,,,,,,,,,,,,,,,,,,,,,,
14-Feb-25,INSPIRE ENTERPRISES,PSB24-25/INV-828,PSB24-25/INV-828,Being Sale of Goods - Accounted,4 Pr,,7827.12,9236.00 Dr,7827.12 Cr,,1408.90 Cr,0.02 Dr,,,,,,,,,,,,,,,,,
,Skechers GORUN-400-Intrepid Shoe (Size 04 Y) - Black,,,,1 Pr,1872.03/Pr,1872.03,,,,,,,,,,,,,,,,,,,,,,
,Skechers GORUN-400-Intrepid Shoe (Size 06 Y) - Black,,,,1 Pr,1872.03/Pr,1872.03,,,,,,,,,,,,,,,,,,,,,,
,Skechers GORUN-400-Intrepid Shoe (Size 07 US) - Black,,,,1 Pr,2041.53/Pr,2041.53,,,,,,,,,,,,,,,,,,,,,,
,Skechers GORUN-400-Intrepid Shoe (Size 08 US) - Black,,,,1 Pr,2041.53/Pr,2041.53,,,,,,,,,,,,,,,,,,,,,,
17-Feb-25,Kitco Sales Agency,PSB24-25/INV-829,PSB24-25/INV-829,Being Sale of Goods - Accounted,19 Pr,,15122.80,16938.00 Dr,15122.80 Cr,1814.74 Cr,,0.46 Cr,,,,,,,,,,,,,,,,,
,Plaeto Aspire School Shoes (Size 07 C) - Black,,,,1 Pr,675.50/Pr,675.50,,,,,,,,,,,,,,,,,,,,,,
,Plaeto Aspire School Shoes (Size 08 C) - Black,,,,1 Pr,675.50/Pr,675.50,,,,,,,,,,,,,,,,,,,,,,
,Plaeto Aspire School Shoes (Size 09 C) - Black,,,,1 Pr,675.50/Pr,675.50,,,,,,,,,,,,,,,,,,,,,,
,Plaeto Aspire School Shoes (Size 10 C) - Black,,,,1 Pr,675.50/Pr,675.50,,,,,,,,,,,,,,,,,,,,,,
,Plaeto Aspire School Shoes (Size 11 C) - Black,,,,1 Pr,675.50/Pr,675.50,,,,,,,,,,,,,,,,,,,,,,
,Plaeto Aspire School Shoes (Size 12 C) - Black,,,,1 Pr,675.50/Pr,675.50,,,,,,,,,,,,,,,,,,,,,,
,Plaeto Aspire School Shoes (Size 13 C) - Black,,,,1 Pr,675.50/Pr,675.50,,,,,,,,,,,,,,,,,,,,,,
,Plaeto Aspire School Shoes (Size 01 UK) - Black,,,,1 Pr,831.50/Pr,831.50,,,,,,,,,,,,,,,,,,,,,,
,Plaeto Aspire School Shoes (Size 02 UK) - Black,,,,1 Pr,831.50/Pr,831.50,,,,,,,,,,,,,,,,,,,,,,
,Plaeto Aspire School Shoes (Size 03 UK) - Black,,,,1 Pr,831.50/Pr,831.50,,,,,,,,,,,,,,,,,,,,,,
,Plaeto Aspire School Shoes (Size 04 UK) - Black,,,,1 Pr,831.50/Pr,831.50,,,,,,,,,,,,,,,,,,,,,,
,Plaeto Aspire School Shoes (Size 05 UK) - Black,,,,1 Pr,883.50/Pr,883.50,,,,,,,,,,,,,,,,,,,,,,
,Plaeto Aspire School Shoes (Size 06 UK) - Black,,,,1 Pr,883.50/Pr,883.50,,,,,,,,,,,,,,,,,,,,,,
,Plaeto Aspire School Shoes (Size 07 UK) - Black,,,,1 Pr,883.50/Pr,883.50,,,,,,,,,,,,,,,,,,,,,,
,Plaeto Aspire School Shoes (Size 08 UK) - Black,,,,1 Pr,883.50/Pr,883.50,,,,,,,,,,,,,,,,,,,,,,
,Plaeto Aspire School Shoes (Size 09 UK) - Black,,,,1 Pr,883.50/Pr,883.50,,,,,,,,,,,,,,,,,,,,,,
,Plaeto Aspire School Shoes (Size 10 UK) - Black,,,,1 Pr,883.50/Pr,883.50,,,,,,,,,,,,,,,,,,,,,,
,Plaeto Aspire School Shoes (Size 11 UK) - Black,,,,1 Pr,883.50/Pr,883.50,,,,,,,,,,,,,,,,,,,,,,
,Plaeto Aspire School Shoes (Size 12 UK) - Black,,,,1 Pr,883.80/Pr,883.80,,,,,,,,,,,,,,,,,,,,,,
19-Feb-25,"Sannitha Educational Institutions Pvt Ltd.,",PSB24-25/INV-830,PSB24-25/INV-830,Being Sale of Goods - Accounted,24 Pcs,,8706.00,9141.00 Dr,8706.00 Cr,,,0.30 Dr,435.30 Cr,,,,,,,,,,,,,,,,
,Samashti T Shirts - Aqua - Blue - 30,,,,1 Pcs,349.00/Pcs,349.00,,,,,,,,,,,,,,,,,,,,,,
,Samashti T Shirts - Aqua - Blue - 32,,,,2 Pcs,349.00/Pcs,698.00,,,,,,,,,,,,,,,,,,,,,,
,Samashti T Shirts - Aer - Yellow - 32,,,,1 Pcs,349.00/Pcs,349.00,,,,,,,,,,,,,,,,,,,,,,
,Samashti T Shirts - Aer - Yellow - 34,,,,1 Pcs,349.00/Pcs,349.00,,,,,,,,,,,,,,,,,,,,,,
,Samashti T Shirts - Aer - Yellow - 36,,,,2 Pcs,349.00/Pcs,698.00,,,,,,,,,,,,,,,,,,,,,,
,Samashti T Shirts - Terra - Green - 30,,,,2 Pcs,349.00/Pcs,698.00,,,,,,,,,,,,,,,,,,,,,,
,Samashti T Shirts - Terra - Green - 36,,,,1 Pcs,349.00/Pcs,349.00,,,,,,,,,,,,,,,,,,,,,,
,Samashti T Shirts - Ignis - Red - 32,,,,3 Pcs,349.00/Pcs,1047.00,,,,,,,,,,,,,,,,,,,,,,
,Samashti T Shirts - Ignis - Red - 36,,,,3 Pcs,349.00/Pcs,1047.00,,,,,,,,,,,,,,,,,,,,,,
,Samashti Track Pant - Aqua - Blue - 36,,,,5 Pcs,399.00/Pcs,1995.00,,,,,,,,,,,,,,,,,,,,,,
,Samashti Track Pant - Aer - Yellow - 36,,,,1 Pcs,399.00/Pcs,399.00,,,,,,,,,,,,,,,,,,,,,,
,Samashti Track Pant - Ignis - Red - 36,,,,1 Pcs,399.00/Pcs,399.00,,,,,,,,,,,,,,,,,,,,,,
,Samashti Shorts - Ignis - Red - 32,,,,1 Pcs,329.00/Pcs,329.00,,,,,,,,,,,,,,,,,,,,,,
22-Feb-25,"DAC'S INC .,",PSB24-25/INV-831,PSB24-25/INV-831,Being Sale of Goods - Accounted,170 Pr,,56800.00,62929.00 Dr,56800.00 Cr,,,,,787.50 Cr,787.50 Cr,,,,2277.00 Cr,2277.00 Cr,,,,,,,,,
,Plaeto Nova School Shoes (Size 12 C) - Black,,,,2 Pr,1060.00/Pr,2120.00,,,,,,,,,,,,,,,,,,,,,,
,Plaeto Nova School Shoes (Size 13 C) - Black,,,,2 Pr,1060.00/Pr,2120.00,,,,,,,,,,,,,,,,,,,,,,
,Plaeto Nova School Shoes (Size 01 UK) - Black,,,,2 Pr,1250.00/Pr,2500.00,,,,,,,,,,,,,,,,,,,,,,
,Plaeto Nova School Shoes (Size 03 UK) - Black,,,,2 Pr,1250.00/Pr,2500.00,,,,,,,,,,,,,,,,,,,,,,
,Plaeto Nova School Shoes (Size 04 UK) - Black,,,,2 Pr,1250.00/Pr,2500.00,,,,,,,,,,,,,,,,,,,,,,
,Plaeto Nova School Shoes (Size 07 UK) - Black,,,,2 Pr,1356.00/Pr,2712.00,,,,,,,,,,,,,,,,,,,,,,
,Plaeto Nova School Shoes (Size 08 UK) - Black,,,,2 Pr,1356.00/Pr,2712.00,,,,,,,,,,,,,,,,,,,,,,
,Plaeto Nova School Shoes (Size 09 UK) - Black,,,,2 Pr,1356.00/Pr,2712.00,,,,,,,,,,,,,,,,,,,,,,
,Plaeto Nova School Shoes (Size 10 UK) - Black,,,,2 Pr,1356.00/Pr,2712.00,,,,,,,,,,,,,,,,,,,,,,
,Plaeto Nova School Shoes (Size 11 UK) - Black,,,,2 Pr,1356.00/Pr,2712.00,,,,,,,,,,,,,,,,,,,,,,
,Sri Vani Navy Blue Crew Length Socks (P/3) - XS,,,,50 Pr,210.00/Pr,10500.00,,,,,,,,,,,,,,,,,,,,,,
,Sri Vani Navy Blue Crew Length Socks (P/3) - L,,,,50 Pr,210.00/Pr,10500.00,,,,,,,,,,,,,,,,,,,,,,
,Sri Vani Navy Blue Crew Length Socks (P/3) - XL,,,,50 Pr,210.00/Pr,10500.00,,,,,,,,,,,,,,,,,,,,,,
26-Feb-25,ETERNAL TRADING CO,PSB24-25/INV-832,PSB24-25/INV-832,Being Sale of Goods - Accounted,396 Pr,,271522.08,304409.00 Dr,271522.08 Cr,32582.65 Cr,,0.27 Cr,,,,304.00 Cr,,,,,,,,,,,,,
,Plaeto S’cool  Shoes (Size 12 C) - Black,,,,24 Pr,632.68/Pr,15184.32,,,,,,,,,,,,,,,,,,,,,,
,Plaeto S’cool  Shoes (Size 13 C) - Black,,,,24 Pr,632.68/Pr,15184.32,,,,,,,,,,,,,,,,,,,,,,
,Plaeto S’cool  Shoes (Size 01 UK) - Black,,,,54 Pr,632.68/Pr,34164.72,,,,,,,,,,,,,,,,,,,,,,
,Plaeto S’cool  Shoes (Size 02 UK) - Black,,,,54 Pr,632.68/Pr,34164.72,,,,,,,,,,,,,,,,,,,,,,
,Plaeto S’cool  Shoes (Size 03 UK) - Black,,,,1 Pr,632.68/Pr,632.68,,,,,,,,,,,,,,,,,,,,,,
,Plaeto S’cool  Shoes (Size 04 UK) - Black,,,,4 Pr,632.68/Pr,2530.72,,,,,,,,,,,,,,,,,,,,,,
,Plaeto S’cool  Shoes (Size 06 UK) - Black,,,,78 Pr,721.96/Pr,56312.88,,,,,,,,,,,,,,,,,,,,,,
,Plaeto S’cool  Shoes (Size 07 UK) - Black,,,,31 Pr,721.96/Pr,22380.76,,,,,,,,,,,,,,,,,,,,,,
,Plaeto S’cool  Shoes (Size 08 UK) - Black,,,,70 Pr,721.96/Pr,50537.20,,,,,,,,,,,,,,,,,,,,,,
,Plaeto S’cool  Shoes (Size 09 UK) - Black,,,,8 Pr,721.96/Pr,5775.68,,,,,,,,,,,,,,,,,,,,,,
,Plaeto S’cool  Shoes (Size 10 UK) - Black,,,,24 Pr,721.96/Pr,17327.04,,,,,,,,,,,,,,,,,,,,,,
,Plaeto S’cool  Shoes (Size 11 UK) - Black,,,,12 Pr,721.96/Pr,8663.52,,,,,,,,,,,,,,,,,,,,,,
,Plaeto S’cool  Shoes (Size 12 UK) - Black,,,,12 Pr,721.96/Pr,8663.52,,,,,,,,,,,,,,,,,,,,,,
26-Feb-25,H AND M ENTERPRISES (DPS),PSB24-25/INV-833,PSB24-25/INV-833,Being Sale of Goods - Accounted,132 Pr,,152034.24,179580.00 Dr,152034.24 Cr,,,0.40 Dr,,,,180.00 Cr,,,13683.08 Cr,13683.08 Cr,,,,,,,,,
,Reebok Prodigy Shoe (Size 03 Y) - Black,,,,10 Pr,1076.27/Pr,10762.70,,,,,,,,,,,,,,,,,,,,,,
,Reebok Prodigy Shoe (Size 04 Y) - Black,,,,10 Pr,1076.27/Pr,10762.70,,,,,,,,,,,,,,,,,,,,,,
,Reebok Prodigy Shoe (Size 05 Y) - Black,,,,10 Pr,1076.27/Pr,10762.70,,,,,,,,,,,,,,,,,,,,,,
,Reebok Prodigy Shoe (Size 06 Y) - Black,,,,18 Pr,1076.27/Pr,19372.86,,,,,,,,,,,,,,,,,,,,,,
,Reebok Prodigy Shoe (Size 07 US) - Black,,,,18 Pr,1194.92/Pr,21508.56,,,,,,,,,,,,,,,,,,,,,,
,Reebok Prodigy Shoe (Size 08 US) - Black,,,,18 Pr,1194.92/Pr,21508.56,,,,,,,,,,,,,,,,,,,,,,
,Reebok Prodigy Shoe (Size 09 US) - Black,,,,15 Pr,1194.92/Pr,17923.80,,,,,,,,,,,,,,,,,,,,,,
,Reebok Prodigy Shoe (Size 10 US) - Black,,,,15 Pr,1194.92/Pr,17923.80,,,,,,,,,,,,,,,,,,,,,,
,Reebok Prodigy Shoe (Size 11 US) - Black,,,,6 Pr,1194.92/Pr,7169.52,,,,,,,,,,,,,,,,,,,,,,
,Reebok Prodigy Shoe (Size 12 US) - Black,,,,6 Pr,1194.92/Pr,7169.52,,,,,,,,,,,,,,,,,,,,,,
,Reebok Prodigy Shoe (Size 13 US) - Black,,,,6 Pr,1194.92/Pr,7169.52,,,,,,,,,,,,,,,,,,,,,,
26-Feb-25,H AND M ENTERPRISES (DPS),PSB24-25/INV-834,PSB24-25/INV-834,Being Sale of Goods - Accounted,132 Pr,,152034.24,179580.00 Dr,152034.24 Cr,,,0.40 Dr,,,,180.00 Cr,,,13683.08 Cr,13683.08 Cr,,,,,,,,,
,Reebok Prodigy Shoe (Size 03 Y) - Black,,,,10 Pr,1076.27/Pr,10762.70,,,,,,,,,,,,,,,,,,,,,,
,Reebok Prodigy Shoe (Size 04 Y) - Black,,,,10 Pr,1076.27/Pr,10762.70,,,,,,,,,,,,,,,,,,,,,,
,Reebok Prodigy Shoe (Size 05 Y) - Black,,,,10 Pr,1076.27/Pr,10762.70,,,,,,,,,,,,,,,,,,,,,,
,Reebok Prodigy Shoe (Size 06 Y) - Black,,,,18 Pr,1076.27/Pr,19372.86,,,,,,,,,,,,,,,,,,,,,,
,Reebok Prodigy Shoe (Size 07 US) - Black,,,,18 Pr,1194.92/Pr,21508.56,,,,,,,,,,,,,,,,,,,,,,
,Reebok Prodigy Shoe (Size 08 US) - Black,,,,18 Pr,1194.92/Pr,21508.56,,,,,,,,,,,,,,,,,,,,,,
,Reebok Prodigy Shoe (Size 09 US) - Black,,,,15 Pr,1194.92/Pr,17923.80,,,,,,,,,,,,,,,,,,,,,,
,Reebok Prodigy Shoe (Size 10 US) - Black,,,,15 Pr,1194.92/Pr,17923.80,,,,,,,,,,,,,,,,,,,,,,
,Reebok Prodigy Shoe (Size 11 US) - Black,,,,6 Pr,1194.92/Pr,7169.52,,,,,,,,,,,,,,,,,,,,,,
,Reebok Prodigy Shoe (Size 12 US) - Black,,,,6 Pr,1194.92/Pr,7169.52,,,,,,,,,,,,,,,,,,,,,,
,Reebok Prodigy Shoe (Size 13 US) - Black,,,,6 Pr,1194.92/Pr,7169.52,,,,,,,,,,,,,,,,,,,,,,
26-Feb-25,H AND M ENTERPRISES (DPS),PSB24-25/INV-835,PSB24-25/INV-835,Being Sale of Goods - Accounted,132 Pr,,152034.24,179580.00 Dr,152034.24 Cr,,,0.40 Dr,,,,180.00 Cr,,,13683.08 Cr,13683.08 Cr,,,,,,,,,
,Reebok Prodigy Shoe (Size 03 Y) - Black,,,,10 Pr,1076.27/Pr,10762.70,,,,,,,,,,,,,,,,,,,,,,
,Reebok Prodigy Shoe (Size 04 Y) - Black,,,,10 Pr,1076.27/Pr,10762.70,,,,,,,,,,,,,,,,,,,,,,
,Reebok Prodigy Shoe (Size 05 Y) - Black,,,,10 Pr,1076.27/Pr,10762.70,,,,,,,,,,,,,,,,,,,,,,
,Reebok Prodigy Shoe (Size 06 Y) - Black,,,,18 Pr,1076.27/Pr,19372.86,,,,,,,,,,,,,,,,,,,,,,
,Reebok Prodigy Shoe (Size 07 US) - Black,,,,18 Pr,1194.92/Pr,21508.56,,,,,,,,,,,,,,,,,,,,,,
,Reebok Prodigy Shoe (Size 08 US) - Black,,,,18 Pr,1194.92/Pr,21508.56,,,,,,,,,,,,,,,,,,,,,,
,Reebok Prodigy Shoe (Size 09 US) - Black,,,,15 Pr,1194.92/Pr,17923.80,,,,,,,,,,,,,,,,,,,,,,
,Reebok Prodigy Shoe (Size 10 US) - Black,,,,15 Pr,1194.92/Pr,17923.80,,,,,,,,,,,,,,,,,,,,,,
,Reebok Prodigy Shoe (Size 11 US) - Black,,,,6 Pr,1194.92/Pr,7169.52,,,,,,,,,,,,,,,,,,,,,,
,Reebok Prodigy Shoe (Size 12 US) - Black,,,,6 Pr,1194.92/Pr,7169.52,,,,,,,,,,,,,,,,,,,,,,
,Reebok Prodigy Shoe (Size 13 US) - Black,,,,6 Pr,1194.92/Pr,7169.52,,,,,,,,,,,,,,,,,,,,,,
27-Feb-25,Gubbacci Apparel Pvt Ltd,PSB24-25/INV-836,PSB24-25/INV-836,Being Sale of Goods - Accounted,7 Pr,,4654.44,5213.00 Dr,4654.44 Cr,,,0.02 Cr,,,,,279.27 Cr,279.27 Cr,,,,,,,,,,,
,Nivia - Mesh Rubber Sole Shoes (Size 11 K) - Black,,,,1 Pr,654.46/Pr,654.46,,,,,,,,,,,,,,,,,,,,,,
,Nivia - Mesh Rubber Sole Shoes (Size 01 UK) - Black,,,,1 Pr,654.46/Pr,654.46,,,,,,,,,,,,,,,,,,,,,,
,Nivia - Mesh Rubber Sole Shoes (Size 02 UK) - Black,,,,1 Pr,654.46/Pr,654.46,,,,,,,,,,,,,,,,,,,,,,
,Nivia - Mesh Rubber Sole Shoes (Size 03 UK) - Black,,,,1 Pr,654.46/Pr,654.46,,,,,,,,,,,,,,,,,,,,,,
,Nivia - Mesh Rubber Sole Shoes (Size 05 UK) - Black,,,,1 Pr,654.46/Pr,654.46,,,,,,,,,,,,,,,,,,,,,,
,Nivia - Mesh Rubber Sole Shoes (Size 09 UK) - Black,,,,1 Pr,691.07/Pr,691.07,,,,,,,,,,,,,,,,,,,,,,
,Nivia - Mesh Rubber Sole Shoes (Size 10 UK) - Black,,,,1 Pr,691.07/Pr,691.07,,,,,,,,,,,,,,,,,,,,,,
27-Feb-25,Gubbacci Apparel Pvt Ltd,PSB24-25/INV-837,PSB24-25/INV-837,Being Sale of Goods - Accounted,18 Pr,,24843.00,29315.00 Dr,24843.00 Cr,,,0.26 Cr,,,,,,,2235.87 Cr,2235.87 Cr,,,,,,,,,
,Reebok Prodigy Shoe (Size 09 C) - Black,,,,1 Pr,1323.00/Pr,1323.00,,,,,,,,,,,,,,,,,,,,,,
,Reebok Prodigy Shoe (Size 10 C) - Black,,,,1 Pr,1323.00/Pr,1323.00,,,,,,,,,,,,,,,,,,,,,,
,Reebok Prodigy Shoe (Size 11 C) - Black,,,,1 Pr,1323.00/Pr,1323.00,,,,,,,,,,,,,,,,,,,,,,
,Reebok Prodigy Shoe (Size 12 C) - Black,,,,1 Pr,1323.00/Pr,1323.00,,,,,,,,,,,,,,,,,,,,,,
,Reebok Prodigy Shoe (Size 13 C) - Black,,,,1 Pr,1323.00/Pr,1323.00,,,,,,,,,,,,,,,,,,,,,,
,Reebok Prodigy Shoe (Size 01 Y) - Black,,,,1 Pr,1323.00/Pr,1323.00,,,,,,,,,,,,,,,,,,,,,,
,Reebok Prodigy Shoe (Size 02 Y) - Black,,,,1 Pr,1323.00/Pr,1323.00,,,,,,,,,,,,,,,,,,,,,,
,Reebok Prodigy Shoe (Size 03 Y) - Black,,,,1 Pr,1323.00/Pr,1323.00,,,,,,,,,,,,,,,,,,,,,,
,Reebok Prodigy Shoe (Size 04 Y) - Black,,,,1 Pr,1323.00/Pr,1323.00,,,,,,,,,,,,,,,,,,,,,,
,Reebok Prodigy Shoe (Size 05 Y) - Black,,,,1 Pr,1323.00/Pr,1323.00,,,,,,,,,,,,,,,,,,,,,,
,Reebok Prodigy Shoe (Size 06 Y) - Black,,,,1 Pr,1323.00/Pr,1323.00,,,,,,,,,,,,,,,,,,,,,,
,Reebok Prodigy Shoe (Size 07 US) - Black,,,,1 Pr,1470.00/Pr,1470.00,,,,,,,,,,,,,,,,,,,,,,
,Reebok Prodigy Shoe (Size 08 US) - Black,,,,1 Pr,1470.00/Pr,1470.00,,,,,,,,,,,,,,,,,,,,,,
,Reebok Prodigy Shoe (Size 09 US) - Black,,,,1 Pr,1470.00/Pr,1470.00,,,,,,,,,,,,,,,,,,,,,,
,Reebok Prodigy Shoe (Size 10 US) - Black,,,,1 Pr,1470.00/Pr,1470.00,,,,,,,,,,,,,,,,,,,,,,
,Reebok Prodigy Shoe (Size 11 US) - Black,,,,1 Pr,1470.00/Pr,1470.00,,,,,,,,,,,,,,,,,,,,,,
,Reebok Prodigy Shoe (Size 12 US) - Black,,,,1 Pr,1470.00/Pr,1470.00,,,,,,,,,,,,,,,,,,,,,,
,Reebok Prodigy Shoe (Size 13 US) - Black,,,,1 Pr,1470.00/Pr,1470.00,,,,,,,,,,,,,,,,,,,,,,
27-Feb-25,VICTORY EDUCORP SOLUTIONS PVT LTD,PSB24-25/INV-838,PSB24-25/INV-838,Being Sale of Goods - Accounted,102 Pr,,95880.00,107386.00 Dr,95880.00 Cr,11505.60 Cr,,0.40 Cr,,,,,,,,,,,,,,,,,
,Plaeto Nova School Shoes (Size 09C) - Black,,,,6 Pr,940.00/Pr,5640.00,,,,,,,,,,,,,,,,,,,,,,
,Plaeto Nova School Shoes (Size 10 C) - Black,,,,24 Pr,940.00/Pr,22560.00,,,,,,,,,,,,,,,,,,,,,,
,Plaeto Nova School Shoes (Size 11 C) - Black,,,,24 Pr,940.00/Pr,22560.00,,,,,,,,,,,,,,,,,,,,,,
,Plaeto Nova School Shoes (Size 12 C) - Black,,,,24 Pr,940.00/Pr,22560.00,,,,,,,,,,,,,,,,,,,,,,
,Plaeto Nova School Shoes (Size 13 C) - Black,,,,24 Pr,940.00/Pr,22560.00,,,,,,,,,,,,,,,,,,,,,,
27-Feb-25,ETERNAL TRADING CO,PSB24-25/INV-839,PSB24-25/INV-839,Being Sale of Goods - Accounted,105 Pr,,119179.50,139503.00 Dr,119179.50 Cr,2537.82 Cr,17645.58 Cr,0.10 Cr,,,,140.00 Cr,,,,,,,,,,,,,
,Plaeto Nova School Shoes (Size 11 C) - Black,,,,5 Pr,919.50/Pr,4597.50,,,,,,,,,,,,,,,,,,,,,,
,Plaeto Nova School Shoes (Size 12 C) - Black,,,,6 Pr,919.50/Pr,5517.00,,,,,,,,,,,,,,,,,,,,,,
,Plaeto Nova School Shoes (Size 13 C) - Black,,,,12 Pr,919.50/Pr,11034.00,,,,,,,,,,,,,,,,,,,,,,
,Plaeto Nova School Shoes (Size 01 UK) - Black,,,,18 Pr,1149.50/Pr,20691.00,,,,,,,,,,,,,,,,,,,,,,
,Plaeto Nova School Shoes (Size 02 UK) - Black,,,,10 Pr,1149.50/Pr,11495.00,,,,,,,,,,,,,,,,,,,,,,
,Plaeto Nova School Shoes (Size 03 UK) - Black,,,,8 Pr,1149.50/Pr,9196.00,,,,,,,,,,,,,,,,,,,,,,
,Plaeto Nova School Shoes (Size 04 UK) - Black,,,,5 Pr,1149.50/Pr,5747.50,,,,,,,,,,,,,,,,,,,,,,
,Plaeto Nova School Shoes (Size 05 UK) - Black,,,,14 Pr,1241.50/Pr,17381.00,,,,,,,,,,,,,,,,,,,,,,
,Plaeto Nova School Shoes (Size 06 UK) - Black,,,,13 Pr,1241.50/Pr,16139.50,,,,,,,,,,,,,,,,,,,,,,
,Plaeto Nova School Shoes (Size 07 UK) - Black,,,,9 Pr,1241.50/Pr,11173.50,,,,,,,,,,,,,,,,,,,,,,
,Plaeto Nova School Shoes (Size 08 UK) - Black,,,,3 Pr,1241.50/Pr,3724.50,,,,,,,,,,,,,,,,,,,,,,
,Plaeto Nova School Shoes (Size 09 UK) - Black,,,,2 Pr,1241.50/Pr,2483.00,,,,,,,,,,,,,,,,,,,,,,
27-Feb-25,ELEMENTS BRAND MERCHANDISING,PSB24-25/INV-840,PSB24-25/INV-840,Being Sale of Goods - Accounted,3 Pr,,2265.00,2537.00 Dr,2265.00 Cr,271.80 Cr,,0.20 Cr,,,,,,,,,,,,,,,,,
,Plaeto Aspire School Shoes (Size 11 C) - Black,,,,1 Pr,701.00/Pr,701.00,,,,,,,,,,,,,,,,,,,,,,
,Plaeto Aspire School Shoes (Size 12 C) - Black,,,,1 Pr,701.00/Pr,701.00,,,,,,,,,,,,,,,,,,,,,,
,Plaeto Aspire School Shoes (Size 01 UK) - Black,,,,1 Pr,863.00/Pr,863.00,,,,,,,,,,,,,,,,,,,,,,
27-Feb-25,ELEMENTS BRAND MERCHANDISING,PSB24-25/INV-841,PSB24-25/INV-841,Being Sale of Goods - Accounted,7 Pr,,9072.00,10705.00 Dr,9072.00 Cr,,1632.96 Cr,0.04 Cr,,,,,,,,,,,,,,,,,
,Reebok Prodigy Shoe (Size 13 C) - Black,,,,2 Pr,1296.00/Pr,2592.00,,,,,,,,,,,,,,,,,,,,,,
,Reebok Prodigy Shoe (Size 01 Y) - Black,,,,1 Pr,1296.00/Pr,1296.00,,,,,,,,,,,,,,,,,,,,,,
,Reebok Prodigy Shoe (Size 03 Y) - Black,,,,2 Pr,1296.00/Pr,2592.00,,,,,,,,,,,,,,,,,,,,,,
,Reebok Prodigy Shoe (Size 04 Y) - Black,,,,2 Pr,1296.00/Pr,2592.00,,,,,,,,,,,,,,,,,,,,,,
27-Feb-25,"Lighthouse Learning Pvt Ltd.,",PSB24-25/INV-842,PSB24-25/INV-842,Being Sale of Goods - Accounted,439 Pr,,438561.00,491188.00 Dr,438561.00 Cr,52627.32 Cr,,0.32 Dr,,,,,,,,,,,,,,,,,
,Plaeto Nova School Shoes (Size 08 C) - Grey / Blue,,,,10 Pr,999.00/Pr,9990.00,,,,,,,,,,,,,,,,,,,,,,
,Plaeto Nova School Shoes (Size 09 C) - Grey / Blue,,,,37 Pr,999.00/Pr,36963.00,,,,,,,,,,,,,,,,,,,,,,
,Plaeto Nova School Shoes (Size 10 C) - Grey / Blue,,,,61 Pr,999.00/Pr,60939.00,,,,,,,,,,,,,,,,,,,,,,
,Plaeto Nova School Shoes (Size 11 C) - Grey / Blue,,,,154 Pr,999.00/Pr,153846.00,,,,,,,,,,,,,,,,,,,,,,
,Plaeto Nova School Shoes (Size 12 C) - Grey / Blue,,,,174 Pr,999.00/Pr,173826.00,,,,,,,,,,,,,,,,,,,,,,
,Plaeto Nova School Shoes (Size 13 C) - Grey / Blue,,,,3 Pr,999.00/Pr,2997.00,,,,,,,,,,,,,,,,,,,,,,
28-Feb-25,"Lighthouse Learning Pvt Ltd.,",PSB24-25/INV-843,PSB24-25/INV-843,Being Sale of Goods - Accounted,6 Pr,,5994.00,6713.00 Dr,5994.00 Cr,719.28 Cr,,0.28 Dr,,,,,,,,,,,,,,,,,
,Plaeto Nova School Shoes (Size 08 C) - Grey / Blue,,,,1 Pr,999.00/Pr,999.00,,,,,,,,,,,,,,,,,,,,,,
,Plaeto Nova School Shoes (Size 09 C) - Grey / Blue,,,,1 Pr,999.00/Pr,999.00,,,,,,,,,,,,,,,,,,,,,,
,Plaeto Nova School Shoes (Size 10 C) - Grey / Blue,,,,1 Pr,999.00/Pr,999.00,,,,,,,,,,,,,,,,,,,,,,
,Plaeto Nova School Shoes (Size 11 C) - Grey / Blue,,,,1 Pr,999.00/Pr,999.00,,,,,,,,,,,,,,,,,,,,,,
,Plaeto Nova School Shoes (Size 12 C) - Grey / Blue,,,,1 Pr,999.00/Pr,999.00,,,,,,,,,,,,,,,,,,,,,,
,Plaeto Nova School Shoes (Size 13 C) - Grey / Blue,,,,1 Pr,999.00/Pr,999.00,,,,,,,,,,,,,,,,,,,,,,
28-Feb-25,"Lighthouse Learning Pvt Ltd.,",PSB24-25/INV-844,PSB24-25/INV-844,Being Sale of Goods - Accounted,6 Pr,,5994.00,6713.00 Dr,5994.00 Cr,719.28 Cr,,0.28 Dr,,,,,,,,,,,,,,,,,
,Plaeto Nova School Shoes (Size 08 C) - Grey / Blue,,,,1 Pr,999.00/Pr,999.00,,,,,,,,,,,,,,,,,,,,,,
,Plaeto Nova School Shoes (Size 09 C) - Grey / Blue,,,,1 Pr,999.00/Pr,999.00,,,,,,,,,,,,,,,,,,,,,,
,Plaeto Nova School Shoes (Size 10 C) - Grey / Blue,,,,1 Pr,999.00/Pr,999.00,,,,,,,,,,,,,,,,,,,,,,
,Plaeto Nova School Shoes (Size 11 C) - Grey / Blue,,,,1 Pr,999.00/Pr,999.00,,,,,,,,,,,,,,,,,,,,,,
,Plaeto Nova School Shoes (Size 12 C) - Grey / Blue,,,,1 Pr,999.00/Pr,999.00,,,,,,,,,,,,,,,,,,,,,,
,Plaeto Nova School Shoes (Size 13 C) - Grey / Blue,,,,1 Pr,999.00/Pr,999.00,,,,,,,,,,,,,,,,,,,,,,
28-Feb-25,"Lighthouse Learning Pvt Ltd.,",PSB24-25/INV-845,PSB24-25/INV-845,Being Sale of Goods - Accounted,6 Pr,,5994.00,6713.00 Dr,5994.00 Cr,719.28 Cr,,0.28 Dr,,,,,,,,,,,,,,,,,
,Plaeto Nova School Shoes (Size 08 C) - Grey / Blue,,,,1 Pr,999.00/Pr,999.00,,,,,,,,,,,,,,,,,,,,,,
,Plaeto Nova School Shoes (Size 09 C) - Grey / Blue,,,,1 Pr,999.00/Pr,999.00,,,,,,,,,,,,,,,,,,,,,,
,Plaeto Nova School Shoes (Size 10 C) - Grey / Blue,,,,1 Pr,999.00/Pr,999.00,,,,,,,,,,,,,,,,,,,,,,
,Plaeto Nova School Shoes (Size 11 C) - Grey / Blue,,,,1 Pr,999.00/Pr,999.00,,,,,,,,,,,,,,,,,,,,,,
,Plaeto Nova School Shoes (Size 12 C) - Grey / Blue,,,,1 Pr,999.00/Pr,999.00,,,,,,,,,,,,,,,,,,,,,,
,Plaeto Nova School Shoes (Size 13 C) - Grey / Blue,,,,1 Pr,999.00/Pr,999.00,,,,,,,,,,,,,,,,,,,,,,
28-Feb-25,"Lighthouse Learning Pvt Ltd.,",PSB24-25/INV-846,PSB24-25/INV-846,Being Sale of Goods - Accounted,6 Pr,,5994.00,6713.00 Dr,5994.00 Cr,719.28 Cr,,0.28 Dr,,,,,,,,,,,,,,,,,
,Plaeto Nova School Shoes (Size 08 C) - Grey / Blue,,,,1 Pr,999.00/Pr,999.00,,,,,,,,,,,,,,,,,,,,,,
,Plaeto Nova School Shoes (Size 09 C) - Grey / Blue,,,,1 Pr,999.00/Pr,999.00,,,,,,,,,,,,,,,,,,,,,,
,Plaeto Nova School Shoes (Size 10 C) - Grey / Blue,,,,1 Pr,999.00/Pr,999.00,,,,,,,,,,,,,,,,,,,,,,
,Plaeto Nova School Shoes (Size 11 C) - Grey / Blue,,,,1 Pr,999.00/Pr,999.00,,,,,,,,,,,,,,,,,,,,,,
,Plaeto Nova School Shoes (Size 12 C) - Grey / Blue,,,,1 Pr,999.00/Pr,999.00,,,,,,,,,,,,,,,,,,,,,,
,Plaeto Nova School Shoes (Size 13 C) - Grey / Blue,,,,1 Pr,999.00/Pr,999.00,,,,,,,,,,,,,,,,,,,,,,
28-Feb-25,"Lighthouse Learning Pvt Ltd.,",PSB24-25/INV-847,PSB24-25/INV-847,Being Sale of Goods - Accounted,6 Pr,,5994.00,6713.00 Dr,5994.00 Cr,719.28 Cr,,0.28 Dr,,,,,,,,,,,,,,,,,
,Plaeto Nova School Shoes (Size 08 C) - Grey / Blue,,,,1 Pr,999.00/Pr,999.00,,,,,,,,,,,,,,,,,,,,,,
,Plaeto Nova School Shoes (Size 09 C) - Grey / Blue,,,,1 Pr,999.00/Pr,999.00,,,,,,,,,,,,,,,,,,,,,,
,Plaeto Nova School Shoes (Size 10 C) - Grey / Blue,,,,1 Pr,999.00/Pr,999.00,,,,,,,,,,,,,,,,,,,,,,
,Plaeto Nova School Shoes (Size 11 C) - Grey / Blue,,,,1 Pr,999.00/Pr,999.00,,,,,,,,,,,,,,,,,,,,,,
,Plaeto Nova School Shoes (Size 12 C) - Grey / Blue,,,,1 Pr,999.00/Pr,999.00,,,,,,,,,,,,,,,,,,,,,,
,Plaeto Nova School Shoes (Size 13 C) - Grey / Blue,,,,1 Pr,999.00/Pr,999.00,,,,,,,,,,,,,,,,,,,,,,
28-Feb-25,"Lighthouse Learning Pvt Ltd.,",PSB24-25/INV-848,PSB24-25/INV-848,Being Sale of Goods - Accounted,6 Pr,,5994.00,6713.00 Dr,5994.00 Cr,719.28 Cr,,0.28 Dr,,,,,,,,,,,,,,,,,
,Plaeto Nova School Shoes (Size 08 C) - Grey / Blue,,,,1 Pr,999.00/Pr,999.00,,,,,,,,,,,,,,,,,,,,,,
,Plaeto Nova School Shoes (Size 09 C) - Grey / Blue,,,,1 Pr,999.00/Pr,999.00,,,,,,,,,,,,,,,,,,,,,,
,Plaeto Nova School Shoes (Size 10 C) - Grey / Blue,,,,1 Pr,999.00/Pr,999.00,,,,,,,,,,,,,,,,,,,,,,
,Plaeto Nova School Shoes (Size 11 C) - Grey / Blue,,,,1 Pr,999.00/Pr,999.00,,,,,,,,,,,,,,,,,,,,,,
,Plaeto Nova School Shoes (Size 12 C) - Grey / Blue,,,,1 Pr,999.00/Pr,999.00,,,,,,,,,,,,,,,,,,,,,,
,Plaeto Nova School Shoes (Size 13 C) - Grey / Blue,,,,1 Pr,999.00/Pr,999.00,,,,,,,,,,,,,,,,,,,,,,
28-Feb-25,"Lighthouse Learning Pvt Ltd.,",PSB24-25/INV-849,PSB24-25/INV-849,Being Sale of Goods - Accounted,6 Pr,,5994.00,6713.00 Dr,5994.00 Cr,719.28 Cr,,0.28 Dr,,,,,,,,,,,,,,,,,
,Plaeto Nova School Shoes (Size 08 C) - Grey / Blue,,,,1 Pr,999.00/Pr,999.00,,,,,,,,,,,,,,,,,,,,,,
,Plaeto Nova School Shoes (Size 09 C) - Grey / Blue,,,,1 Pr,999.00/Pr,999.00,,,,,,,,,,,,,,,,,,,,,,
,Plaeto Nova School Shoes (Size 10 C) - Grey / Blue,,,,1 Pr,999.00/Pr,999.00,,,,,,,,,,,,,,,,,,,,,,
,Plaeto Nova School Shoes (Size 11 C) - Grey / Blue,,,,1 Pr,999.00/Pr,999.00,,,,,,,,,,,,,,,,,,,,,,
,Plaeto Nova School Shoes (Size 12 C) - Grey / Blue,,,,1 Pr,999.00/Pr,999.00,,,,,,,,,,,,,,,,,,,,,,
,Plaeto Nova School Shoes (Size 13 C) - Grey / Blue,,,,1 Pr,999.00/Pr,999.00,,,,,,,,,,,,,,,,,,,,,,
28-Feb-25,"Lighthouse Learning Pvt Ltd.,",PSB24-25/INV-850,PSB24-25/INV-850,Being Sale of Goods - Accounted,6 Pr,,5994.00,6713.00 Dr,5994.00 Cr,719.28 Cr,,0.28 Dr,,,,,,,,,,,,,,,,,
,Plaeto Nova School Shoes (Size 08 C) - Grey / Blue,,,,1 Pr,999.00/Pr,999.00,,,,,,,,,,,,,,,,,,,,,,
,Plaeto Nova School Shoes (Size 09 C) - Grey / Blue,,,,1 Pr,999.00/Pr,999.00,,,,,,,,,,,,,,,,,,,,,,
,Plaeto Nova School Shoes (Size 10 C) - Grey / Blue,,,,1 Pr,999.00/Pr,999.00,,,,,,,,,,,,,,,,,,,,,,
,Plaeto Nova School Shoes (Size 11 C) - Grey / Blue,,,,1 Pr,999.00/Pr,999.00,,,,,,,,,,,,,,,,,,,,,,
,Plaeto Nova School Shoes (Size 12 C) - Grey / Blue,,,,1 Pr,999.00/Pr,999.00,,,,,,,,,,,,,,,,,,,,,,
,Plaeto Nova School Shoes (Size 13 C) - Grey / Blue,,,,1 Pr,999.00/Pr,999.00,,,,,,,,,,,,,,,,,,,,,,
28-Feb-25,"Lighthouse Learning Pvt Ltd.,",PSB24-25/INV-851,PSB24-25/INV-851,Being Sale of Goods - Accounted,6 Pr,,5994.00,6713.00 Dr,5994.00 Cr,719.28 Cr,,0.28 Dr,,,,,,,,,,,,,,,,,
,Plaeto Nova School Shoes (Size 08 C) - Grey / Blue,,,,1 Pr,999.00/Pr,999.00,,,,,,,,,,,,,,,,,,,,,,
,Plaeto Nova School Shoes (Size 09 C) - Grey / Blue,,,,1 Pr,999.00/Pr,999.00,,,,,,,,,,,,,,,,,,,,,,
,Plaeto Nova School Shoes (Size 10 C) - Grey / Blue,,,,1 Pr,999.00/Pr,999.00,,,,,,,,,,,,,,,,,,,,,,
,Plaeto Nova School Shoes (Size 11 C) - Grey / Blue,,,,1 Pr,999.00/Pr,999.00,,,,,,,,,,,,,,,,,,,,,,
,Plaeto Nova School Shoes (Size 12 C) - Grey / Blue,,,,1 Pr,999.00/Pr,999.00,,,,,,,,,,,,,,,,,,,,,,
,Plaeto Nova School Shoes (Size 13 C) - Grey / Blue,,,,1 Pr,999.00/Pr,999.00,,,,,,,,,,,,,,,,,,,,,,
28-Feb-25,"Lighthouse Learning Pvt Ltd.,",PSB24-25/INV-852,PSB24-25/INV-852,Being Sale of Goods - Accounted,6 Pr,,5994.00,6713.00 Dr,5994.00 Cr,719.28 Cr,,0.28 Dr,,,,,,,,,,,,,,,,,
,Plaeto Nova School Shoes (Size 08 C) - Grey / Blue,,,,1 Pr,999.00/Pr,999.00,,,,,,,,,,,,,,,,,,,,,,
,Plaeto Nova School Shoes (Size 09 C) - Grey / Blue,,,,1 Pr,999.00/Pr,999.00,,,,,,,,,,,,,,,,,,,,,,
,Plaeto Nova School Shoes (Size 10 C) - Grey / Blue,,,,1 Pr,999.00/Pr,999.00,,,,,,,,,,,,,,,,,,,,,,
,Plaeto Nova School Shoes (Size 11 C) - Grey / Blue,,,,1 Pr,999.00/Pr,999.00,,,,,,,,,,,,,,,,,,,,,,
,Plaeto Nova School Shoes (Size 12 C) - Grey / Blue,,,,1 Pr,999.00/Pr,999.00,,,,,,,,,,,,,,,,,,,,,,
,Plaeto Nova School Shoes (Size 13 C) - Grey / Blue,,,,1 Pr,999.00/Pr,999.00,,,,,,,,,,,,,,,,,,,,,,
28-Feb-25,"Lighthouse Learning Pvt Ltd.,",PSB24-25/INV-853,PSB24-25/INV-853,Being Sale of Goods - Accounted,6 Pr,,5994.00,6713.00 Dr,5994.00 Cr,719.28 Cr,,0.28 Dr,,,,,,,,,,,,,,,,,
,Plaeto Nova School Shoes (Size 08 C) - Grey / Blue,,,,1 Pr,999.00/Pr,999.00,,,,,,,,,,,,,,,,,,,,,,
,Plaeto Nova School Shoes (Size 09 C) - Grey / Blue,,,,1 Pr,999.00/Pr,999.00,,,,,,,,,,,,,,,,,,,,,,
,Plaeto Nova School Shoes (Size 10 C) - Grey / Blue,,,,1 Pr,999.00/Pr,999.00,,,,,,,,,,,,,,,,,,,,,,
,Plaeto Nova School Shoes (Size 11 C) - Grey / Blue,,,,1 Pr,999.00/Pr,999.00,,,,,,,,,,,,,,,,,,,,,,
,Plaeto Nova School Shoes (Size 12 C) - Grey / Blue,,,,1 Pr,999.00/Pr,999.00,,,,,,,,,,,,,,,,,,,,,,
,Plaeto Nova School Shoes (Size 13 C) - Grey / Blue,,,,1 Pr,999.00/Pr,999.00,,,,,,,,,,,,,,,,,,,,,,
28-Feb-25,"Lighthouse Learning Pvt Ltd.,",PSB24-25/INV-854,PSB24-25/INV-854,Being Sale of Goods - Accounted,6 Pr,,5994.00,6713.00 Dr,5994.00 Cr,719.28 Cr,,0.28 Dr,,,,,,,,,,,,,,,,,
,Plaeto Nova School Shoes (Size 08 C) - Grey / Blue,,,,1 Pr,999.00/Pr,999.00,,,,,,,,,,,,,,,,,,,,,,
,Plaeto Nova School Shoes (Size 09 C) - Grey / Blue,,,,1 Pr,999.00/Pr,999.00,,,,,,,,,,,,,,,,,,,,,,
,Plaeto Nova School Shoes (Size 10 C) - Grey / Blue,,,,1 Pr,999.00/Pr,999.00,,,,,,,,,,,,,,,,,,,,,,
,Plaeto Nova School Shoes (Size 11 C) - Grey / Blue,,,,1 Pr,999.00/Pr,999.00,,,,,,,,,,,,,,,,,,,,,,
,Plaeto Nova School Shoes (Size 12 C) - Grey / Blue,,,,1 Pr,999.00/Pr,999.00,,,,,,,,,,,,,,,,,,,,,,
,Plaeto Nova School Shoes (Size 13 C) - Grey / Blue,,,,1 Pr,999.00/Pr,999.00,,,,,,,,,,,,,,,,,,,,,,
28-Feb-25,"Lighthouse Learning Pvt Ltd.,",PSB24-25/INV-855,PSB24-25/INV-855,Being Sale of Goods - Accounted,6 Pr,,5994.00,6713.00 Dr,5994.00 Cr,719.28 Cr,,0.28 Dr,,,,,,,,,,,,,,,,,
,Plaeto Nova School Shoes (Size 08 C) - Grey / Blue,,,,1 Pr,999.00/Pr,999.00,,,,,,,,,,,,,,,,,,,,,,
,Plaeto Nova School Shoes (Size 09 C) - Grey / Blue,,,,1 Pr,999.00/Pr,999.00,,,,,,,,,,,,,,,,,,,,,,
,Plaeto Nova School Shoes (Size 10 C) - Grey / Blue,,,,1 Pr,999.00/Pr,999.00,,,,,,,,,,,,,,,,,,,,,,
,Plaeto Nova School Shoes (Size 11 C) - Grey / Blue,,,,1 Pr,999.00/Pr,999.00,,,,,,,,,,,,,,,,,,,,,,
,Plaeto Nova School Shoes (Size 12 C) - Grey / Blue,,,,1 Pr,999.00/Pr,999.00,,,,,,,,,,,,,,,,,,,,,,
,Plaeto Nova School Shoes (Size 13 C) - Grey / Blue,,,,1 Pr,999.00/Pr,999.00,,,,,,,,,,,,,,,,,,,,,,
28-Feb-25,"Lighthouse Learning Pvt Ltd.,",PSB24-25/INV-856,PSB24-25/INV-856,Being Sale of Goods - Accounted,6 Pr,,5994.00,6713.00 Dr,5994.00 Cr,719.28 Cr,,0.28 Dr,,,,,,,,,,,,,,,,,
,Plaeto Nova School Shoes (Size 08 C) - Grey / Blue,,,,1 Pr,999.00/Pr,999.00,,,,,,,,,,,,,,,,,,,,,,
,Plaeto Nova School Shoes (Size 09 C) - Grey / Blue,,,,1 Pr,999.00/Pr,999.00,,,,,,,,,,,,,,,,,,,,,,
,Plaeto Nova School Shoes (Size 10 C) - Grey / Blue,,,,1 Pr,999.00/Pr,999.00,,,,,,,,,,,,,,,,,,,,,,
,Plaeto Nova School Shoes (Size 11 C) - Grey / Blue,,,,1 Pr,999.00/Pr,999.00,,,,,,,,,,,,,,,,,,,,,,
,Plaeto Nova School Shoes (Size 12 C) - Grey / Blue,,,,1 Pr,999.00/Pr,999.00,,,,,,,,,,,,,,,,,,,,,,
,Plaeto Nova School Shoes (Size 13 C) - Grey / Blue,,,,1 Pr,999.00/Pr,999.00,,,,,,,,,,,,,,,,,,,,,,
28-Feb-25,"Lighthouse Learning Pvt Ltd.,",PSB24-25/INV-857,PSB24-25/INV-857,Being Sale of Goods - Accounted,6 Pr,,5994.00,6713.00 Dr,5994.00 Cr,719.28 Cr,,0.28 Dr,,,,,,,,,,,,,,,,,
,Plaeto Nova School Shoes (Size 08 C) - Grey / Blue,,,,1 Pr,999.00/Pr,999.00,,,,,,,,,,,,,,,,,,,,,,
,Plaeto Nova School Shoes (Size 09 C) - Grey / Blue,,,,1 Pr,999.00/Pr,999.00,,,,,,,,,,,,,,,,,,,,,,
,Plaeto Nova School Shoes (Size 10 C) - Grey / Blue,,,,1 Pr,999.00/Pr,999.00,,,,,,,,,,,,,,,,,,,,,,
,Plaeto Nova School Shoes (Size 11 C) - Grey / Blue,,,,1 Pr,999.00/Pr,999.00,,,,,,,,,,,,,,,,,,,,,,
,Plaeto Nova School Shoes (Size 12 C) - Grey / Blue,,,,1 Pr,999.00/Pr,999.00,,,,,,,,,,,,,,,,,,,,,,
,Plaeto Nova School Shoes (Size 13 C) - Grey / Blue,,,,1 Pr,999.00/Pr,999.00,,,,,,,,,,,,,,,,,,,,,,
28-Feb-25,"Lighthouse Learning Pvt Ltd.,",PSB24-25/INV-858,PSB24-25/INV-858,Being Sale of Goods - Accounted,6 Pr,,5994.00,6713.00 Dr,5994.00 Cr,719.28 Cr,,0.28 Dr,,,,,,,,,,,,,,,,,
,Plaeto Nova School Shoes (Size 08 C) - Grey / Blue,,,,1 Pr,999.00/Pr,999.00,,,,,,,,,,,,,,,,,,,,,,
,Plaeto Nova School Shoes (Size 09 C) - Grey / Blue,,,,1 Pr,999.00/Pr,999.00,,,,,,,,,,,,,,,,,,,,,,
,Plaeto Nova School Shoes (Size 10 C) - Grey / Blue,,,,1 Pr,999.00/Pr,999.00,,,,,,,,,,,,,,,,,,,,,,
,Plaeto Nova School Shoes (Size 11 C) - Grey / Blue,,,,1 Pr,999.00/Pr,999.00,,,,,,,,,,,,,,,,,,,,,,
,Plaeto Nova School Shoes (Size 12 C) - Grey / Blue,,,,1 Pr,999.00/Pr,999.00,,,,,,,,,,,,,,,,,,,,,,
,Plaeto Nova School Shoes (Size 13 C) - Grey / Blue,,,,1 Pr,999.00/Pr,999.00,,,,,,,,,,,,,,,,,,,,,,
28-Feb-25,H AND M ENTERPRISES (DPS),PSB24-25/INV-859,PSB24-25/INV-859,Being Sale of Goods - Accounted,18 Pr,,21508.56,25406.00 Dr,21508.56 Cr,,,0.12 Dr,,,,26.00 Cr,,,1935.78 Cr,1935.78 Cr,,,,,,,,,
,Reebok Prodigy Shoe (Size 10 US) - Black,,,,2 Pr,1194.92/Pr,2389.84,,,,,,,,,,,,,,,,,,,,,,
,Reebok Prodigy Shoe (Size 11 US) - Black,,,,6 Pr,1194.92/Pr,7169.52,,,,,,,,,,,,,,,,,,,,,,
,Reebok Prodigy Shoe (Size 12 US) - Black,,,,4 Pr,1194.92/Pr,4779.68,,,,,,,,,,,,,,,,,,,,,,
,Reebok Prodigy Shoe (Size 13 US) - Black,,,,6 Pr,1194.92/Pr,7169.52,,,,,,,,,,,,,,,,,,,,,,
28-Feb-25,"Lighthouse Learning Pvt Ltd.,",PSB24-25/INV-860,PSB24-25/INV-860,Being Sale of Goods - Accounted,6 Pr,,5994.00,6713.00 Dr,5994.00 Cr,719.28 Cr,,0.28 Dr,,,,,,,,,,,,,,,,,
,Plaeto Nova School Shoes (Size 08 C) - Grey / Blue,,,,1 Pr,999.00/Pr,999.00,,,,,,,,,,,,,,,,,,,,,,
,Plaeto Nova School Shoes (Size 09 C) - Grey / Blue,,,,1 Pr,999.00/Pr,999.00,,,,,,,,,,,,,,,,,,,,,,
,Plaeto Nova School Shoes (Size 10 C) - Grey / Blue,,,,1 Pr,999.00/Pr,999.00,,,,,,,,,,,,,,,,,,,,,,
,Plaeto Nova School Shoes (Size 11 C) - Grey / Blue,,,,1 Pr,999.00/Pr,999.00,,,,,,,,,,,,,,,,,,,,,,
,Plaeto Nova School Shoes (Size 12 C) - Grey / Blue,,,,1 Pr,999.00/Pr,999.00,,,,,,,,,,,,,,,,,,,,,,
,Plaeto Nova School Shoes (Size 13 C) - Grey / Blue,,,,1 Pr,999.00/Pr,999.00,,,,,,,,,,,,,,,,,,,,,,
28-Feb-25,Sharanya Narayani International School,PSB24-25/INV-861,PSB24-25/INV-861,Being Sale of Goods - Accounted,4 Pr,,6708.48,7916.00 Dr,6708.48 Cr,,,,,,,,,,603.76 Cr,603.76 Cr,,,,,,,,,
,Puma School Shoes (Size 10 UK) - Black,,,,2 Pr,1677.12/Pr,3354.24,,,,,,,,,,,,,,,,,,,,,,
,Puma School Shoes (Size 10 UK) - White,,,,2 Pr,1677.12/Pr,3354.24,,,,,,,,,,,,,,,,,,,,,,
28-Feb-25,Walk in Customers - Office Store,PSB24-25/INV-862,PSB24-25/INV-862,Being Sale of Goods - Accounted,,,8476.82,9876.00 Dr,8476.82 Cr,,,0.02 Cr,,,,,,,,,20.24 Cr,20.24 Cr,21.43 Cr,21.43 Cr,657.91 Cr,657.91 Cr,,,
,Nike Rev. 4 Shoes - Black / White,,,,2 Pr,178.57/Pr,357.14,,,,,,,,,,,,,,,,,,,,,,
,Plaeto Nova School Shoes (Size 11 C) - Black,,,,1 Pr,1525.42/Pr,1525.42,,,,,,,,,,,,,,,,,,,,,,
,Plaeto Nova School Shoes (Size 13 C) - Black,,,,1 Pr,1270.34/Pr,1270.34,,,,,,,,,,,,,,,,,,,,,,
,Plaeto Nova School Shoes (Size 01 UK) - Black,,,,1 Pr,1482.20/Pr,1482.20,,,,,,,,,,,,,,,,,,,,,,
,Plaeto Nova School Shoes (Size 02 UK) - Black,,,,1 Pr,1592.37/Pr,1592.37,,,,,,,,,,,,,,,,,,,,,,
,Plaeto Nova School Shoes (Size 02 UK) - Black,,,,1 Pr,1439.83/Pr,1439.83,,,,,,,,,,,,,,,,,,,,,,
,CMR EKYA Track Pants - 34,,,,2 Pcs,357.14/Pcs,714.28,,,,,,,,,,,,,,,,,,,,,,
,Kumaran White Semi Crew Length Socks (P/2) - XXS,,,,1 Pr,95.24/Pr,95.24,,,,,,,,,,,,,,,,,,,,,,
28-Feb-25,Walk in Customers - Sahakar Nagar,PSB24-25/INV-863,PSB24-25/INV-863,Being Sale of Goods - Accounted,3 Pr,,5262.72,6210.00 Dr,5262.72 Cr,,,,,,,,,,473.64 Cr,473.64 Cr,,,,,,,,,
,Plaeto Nova School Shoes (Size 09 UK) - Black,,,,1 Pr,1754.24/Pr,1754.24,,,,,,,,,,,,,,,,,,,,,,
,Plaeto Nova School Shoes (Size 11 UK) - Black,,,,1 Pr,1754.24/Pr,1754.24,,,,,,,,,,,,,,,,,,,,,,
,Plaeto Nova School Shoes (Size 12 UK) - Black,,,,1 Pr,1754.24/Pr,1754.24,,,,,,,,,,,,,,,,,,,,,,
28-Feb-25,Walk in Customers - Shree Shyam,PSB24-25/INV-864,PSB24-25/INV-864,Being Sale of Goods - Accounted,9 Pr,,10465.96,12283.00 Dr,10465.96 Cr,,,,,12.86 Cr,12.86 Cr,,,,895.66 Cr,895.66 Cr,,,,,,,,,
,Plaeto Nova School Shoes (Size 11 C) - Black,,,,3 Pr,1185.59/Pr,3556.77,,,,,,,,,,,,,,,,,,,,,,
,Plaeto Nova School Shoes (Size 02 UK) - Black,,,,1 Pr,1482.20/Pr,1482.20,,,,,,,,,,,,,,,,,,,,,,
,Plaeto Nova School Shoes (Size 03 UK) - Black,,,,1 Pr,1609.32/Pr,1609.32,,,,,,,,,,,,,,,,,,,,,,
,Plaeto Nova School Shoes (Size 05 UK) - Black,,,,1 Pr,1609.32/Pr,1609.32,,,,,,,,,,,,,,,,,,,,,,
,Plaeto Nova School Shoes (Size 07 UK) - Black,,,,1 Pr,1694.07/Pr,1694.07,,,,,,,,,,,,,,,,,,,,,,
,Sri Vani Navy Blue Crew Length Socks (P/3) - M,,,,2 Pr,257.14/Pr,514.28,,,,,,,,,,,,,,,,,,,,,,
28-Feb-25,Delhi Public School - Whitefield,PSB24-25/INV-865,PSB24-25/INV-865,Being Sale of Goods - Accounted,5 Pr,,7538.15,8895.00 Dr,7538.15 Cr,,,0.01 Cr,,,,,,,678.42 Cr,678.42 Cr,,,,,,,,,
,Plaeto Nova School Shoes (Size 01 UK) - Black,,,,1 Pr,1439.83/Pr,1439.83,,,,,,,,,,,,,,,,,,,,,,
,Plaeto Nova School Shoes (Size 05 UK) - Black,,,,1 Pr,1524.58/Pr,1524.58,,,,,,,,,,,,,,,,,,,,,,
,Plaeto Nova School Shoes (Size 06 UK) - Black,,,,1 Pr,1524.58/Pr,1524.58,,,,,,,,,,,,,,,,,,,,,,
,Plaeto Nova School Shoes (Size 09 UK) - Black,,,,1 Pr,1524.58/Pr,1524.58,,,,,,,,,,,,,,,,,,,,,,
,Plaeto Nova School Shoes (Size 10 UK) - Black,,,,1 Pr,1524.58/Pr,1524.58,,,,,,,,,,,,,,,,,,,,,,
28-Feb-25,Online Debtors - Sports365 Local,PSB24-25/INV-866,PSB24-25/INV-866,Being Booked Local B2C Sales for the month of Feb'25,,,,91463.00 Dr,,,,0.44 Cr,,1347.33 Cr,1347.33 Cr,,,,2659.95 Cr,2659.95 Cr,,,,,,,53893.00 Cr,29555.00 Cr,
28-Feb-25,Online Debtors - Sports365,PSB24-25/INV-867,PSB24-25/INV-867,Being Booked Interstate Online B2C Sales for the month of Feb'25,,,,5346.00 Dr,,,,0.45 Cr,254.55 Cr,,,,,,,,,,,,,,,,5091.00 Cr
,Grand Total,,,,,,3543404.12,4170026.00 Dr,3543404.12 Cr,116963.69 Cr,289363.90 Cr,2.16 Dr,17633.35 Cr,2217.99 Cr,2217.99 Cr,1017.00 Cr,693.03 Cr,693.03 Cr,52942.95 Cr,52942.95 Cr,20.24 Cr,20.24 Cr,21.43 Cr,21.43 Cr,657.91 Cr,657.91 Cr,53893.00 Cr,29555.00 Cr,5091.00 Cr
