Date,Particulars,Voucher No.,Voucher Ref. No.,Narration,Quantity,Rate,Value,Gross Total,GST Sales,Output IGST @ 5%,Round Off,Output CGST @ 2.5%,Output SGST @ 2.5%,Shipping Local GST @ 18%,Output CGST @ 9%,Output SGST @ 9%
06-Oct-25,Radcliffe Education Pvt Ltd (M),PSB2526/INV-1129,PSB2526/INV-1129,Being Sale of Goods - Accounted,6 Pr,,4825.70,5067.00 Dr,4825.70 Cr,241.30 Cr,,,,,,
,Plaeto Aspire School Shoes (Size 10 C) - Black,,,,1 Pr,704.76/Pr,704.76,,,,,,,,,
,Plaeto Aspire School Shoes (Size 13 C) - Black,,,,2 Pr,704.76/Pr,1409.52,,,,,,,,,
,Plaeto Aspire School Shoes (Size 03 UK) - Black,,,,1 Pr,867.62/Pr,867.62,,,,,,,,,
,Plaeto Aspire School Shoes (Size 05 UK) - Black,,,,1 Pr,921.90/Pr,921.90,,,,,,,,,
,Plaeto Aspire School Shoes (Size 08 UK) - Black,,,,1 Pr,921.90/Pr,921.90,,,,,,,,,
06-Oct-25,Radcliffe Education Pvt Ltd (M),PSB2526/INV-1130,PSB2526/INV-1130,Being Sale of Goods - Accounted,7 Pr,,6127.60,6434.00 Dr,6127.60 Cr,306.40 Cr,,,,,,
,Plaeto Aspire School Shoes (Size 12 C) - Black,,,,1 Pr,704.76/Pr,704.76,,,,,,,,,
,Plaeto Aspire School Shoes (Size 02 UK) - Black,,,,2 Pr,867.62/Pr,1735.24,,,,,,,,,
,Plaeto Aspire School Shoes (Size 06 UK) - Black,,,,1 Pr,921.90/Pr,921.90,,,,,,,,,
,Plaeto Aspire School Shoes (Size 07 UK) - Black,,,,1 Pr,921.90/Pr,921.90,,,,,,,,,
,Plaeto Aspire School Shoes (Size 09 UK) - Black,,,,1 Pr,921.90/Pr,921.90,,,,,,,,,
,Plaeto Aspire School Shoes (Size 11 UK) - Black,,,,1 Pr,921.90/Pr,921.90,,,,,,,,,
06-Oct-25,Radcliffe Education Pvt Ltd (M),PSB2526/INV-1131,PSB2526/INV-1131,Being Sale of Goods - Accounted,2 Pr,,1409.52,1480.00 Dr,1409.52 Cr,70.48 Cr,,,,,,
,Plaeto Aspire School Shoes (Size 07 C) - Black,,,,1 Pr,704.76/Pr,704.76,,,,,,,,,
,Plaeto Aspire School Shoes (Size 08 C) - Black,,,,1 Pr,704.76/Pr,704.76,,,,,,,,,
06-Oct-25,Radcliffe Education Pvt Ltd (M),PSB2526/INV-1132,PSB2526/INV-1132,Being Sale of Goods - Accounted,1 Pr,,704.76,740.00 Dr,704.76 Cr,35.24 Cr,,,,,,
,Plaeto Aspire School Shoes (Size 10 C) - Black,,,,1 Pr,704.76/Pr,704.76,,,,,,,,,
07-Oct-25,Walk-King Shoe Company,PSB2526/INV-1133,PSB2526/INV-1133,Being Sale of Goods - Accounted,1 Pr,,1476.00,1550.00 Dr,1476.00 Cr,73.80 Cr,0.20 Cr,,,,,
,Reebok Champion Shoe (Size 09 US) - Black,,,,1 Pr,1476.00/Pr,1476.00,,,,,,,,,
07-Oct-25,Walk-King Shoe Company,PSB2526/INV-1134,PSB2526/INV-1134,Being Sale of Goods - Accounted,9 Pr,,13038.00,13690.00 Dr,13038.00 Cr,651.90 Cr,0.10 Cr,,,,,
,Reebok Champion Shoe (Size 06 Y) - Black,,,,2 Pr,1353.00/Pr,2706.00,,,,,,,,,
,Reebok Champion Shoe (Size 08 US) - Black,,,,2 Pr,1476.00/Pr,2952.00,,,,,,,,,
,Reebok Champion Shoe (Size 09 US) - Black,,,,3 Pr,1476.00/Pr,4428.00,,,,,,,,,
,Reebok Champion Shoe (Size 11 US) - Black,,,,1 Pr,1476.00/Pr,1476.00,,,,,,,,,
,Reebok Champion Shoe (Size 12 US) - Black,,,,1 Pr,1476.00/Pr,1476.00,,,,,,,,,
07-Oct-25,Radcliffe Education Pvt Ltd (M),PSB2526/INV-1135,PSB2526/INV-1135,Being Sale of Goods - Accounted,28 Pr,,24293.28,25508.00 Dr,24293.28 Cr,1214.67 Cr,0.05 Cr,,,,,
,Plaeto Aspire School Shoes (Size 07 C) - Black,,,,1 Pr,704.76/Pr,704.76,,,,,,,,,
,Plaeto Aspire School Shoes (Size 13 C) - Black,,,,3 Pr,704.76/Pr,2114.28,,,,,,,,,
,Plaeto Aspire School Shoes (Size 01 UK) - Black,,,,2 Pr,867.62/Pr,1735.24,,,,,,,,,
,Plaeto Aspire School Shoes (Size 02 UK) - Black,,,,4 Pr,867.62/Pr,3470.48,,,,,,,,,
,Plaeto Aspire School Shoes (Size 03 UK) - Black,,,,2 Pr,867.62/Pr,1735.24,,,,,,,,,
,Plaeto Aspire School Shoes (Size 04 UK) - Black,,,,4 Pr,867.62/Pr,3470.48,,,,,,,,,
,Plaeto Aspire School Shoes (Size 05 UK) - Black,,,,1 Pr,921.90/Pr,921.90,,,,,,,,,
,Plaeto Aspire School Shoes (Size 07 UK) - Black,,,,5 Pr,921.90/Pr,4609.50,,,,,,,,,
,Plaeto Aspire School Shoes (Size 08 UK) - Black,,,,2 Pr,921.90/Pr,1843.80,,,,,,,,,
,Plaeto Aspire School Shoes (Size 09 UK) - Black,,,,3 Pr,921.90/Pr,2765.70,,,,,,,,,
,Plaeto Aspire School Shoes (Size 10 UK) - Black,,,,1 Pr,921.90/Pr,921.90,,,,,,,,,
07-Oct-25,Radcliffe Education Pvt Ltd (M),PSB2526/INV-1136,PSB2526/INV-1136,Being Sale of Goods - Accounted,31 Pr,,23638.98,24821.00 Dr,23638.98 Cr,1181.95 Cr,0.07 Cr,,,,,
,Plaeto Aspire School Shoes (Size 09 C) - Black,,,,1 Pr,704.76/Pr,704.76,,,,,,,,,
,Plaeto Aspire School Shoes (Size 13 C) - Black,,,,21 Pr,704.76/Pr,14799.96,,,,,,,,,
,Plaeto Aspire School Shoes (Size 01 UK) - Black,,,,1 Pr,867.62/Pr,867.62,,,,,,,,,
,Plaeto Aspire School Shoes (Size 03 UK) - Black,,,,1 Pr,867.62/Pr,867.62,,,,,,,,,
,Plaeto Aspire School Shoes (Size 04 UK) - Black,,,,1 Pr,867.62/Pr,867.62,,,,,,,,,
,Plaeto Aspire School Shoes (Size 06 UK) - Black,,,,6 Pr,921.90/Pr,5531.40,,,,,,,,,
07-Oct-25,Radcliffe Education Pvt Ltd (M),PSB2526/INV-1137,PSB2526/INV-1137,Being Sale of Goods - Accounted,9 Pr,,7537.14,7914.00 Dr,7537.14 Cr,376.86 Cr,,,,,,
,Plaeto Aspire School Shoes (Size 12 C) - Black,,,,1 Pr,704.76/Pr,704.76,,,,,,,,,
,Plaeto Aspire School Shoes (Size 13 C) - Black,,,,1 Pr,704.76/Pr,704.76,,,,,,,,,
,Plaeto Aspire School Shoes (Size 01 UK) - Black,,,,3 Pr,867.62/Pr,2602.86,,,,,,,,,
,Plaeto Aspire School Shoes (Size 02 UK) - Black,,,,1 Pr,867.62/Pr,867.62,,,,,,,,,
,Plaeto Aspire School Shoes (Size 03 UK) - Black,,,,2 Pr,867.62/Pr,1735.24,,,,,,,,,
,Plaeto Aspire School Shoes (Size 06 UK) - Black,,,,1 Pr,921.90/Pr,921.90,,,,,,,,,
07-Oct-25,Radcliffe Education Pvt Ltd (M),PSB2526/INV-1138,PSB2526/INV-1138,Being Sale of Goods - Accounted,25 Pr,,20604.74,21635.00 Dr,20604.74 Cr,1030.22 Cr,0.04 Cr,,,,,
,Plaeto Aspire School Shoes (Size 08 C) - Black,,,,1 Pr,704.76/Pr,704.76,,,,,,,,,
,Plaeto Aspire School Shoes (Size 09 C) - Black,,,,3 Pr,704.76/Pr,2114.28,,,,,,,,,
,Plaeto Aspire School Shoes (Size 12 C) - Black,,,,1 Pr,704.76/Pr,704.76,,,,,,,,,
,Plaeto Aspire School Shoes (Size 13 C) - Black,,,,3 Pr,704.76/Pr,2114.28,,,,,,,,,
,Plaeto Aspire School Shoes (Size 01 UK) - Black,,,,3 Pr,867.62/Pr,2602.86,,,,,,,,,
,Plaeto Aspire School Shoes (Size 02 UK) - Black,,,,3 Pr,867.62/Pr,2602.86,,,,,,,,,
,Plaeto Aspire School Shoes (Size 03 UK) - Black,,,,3 Pr,867.62/Pr,2602.86,,,,,,,,,
,Plaeto Aspire School Shoes (Size 04 UK) - Black,,,,4 Pr,867.62/Pr,3470.48,,,,,,,,,
,Plaeto Aspire School Shoes (Size 05 UK) - Black,,,,2 Pr,921.90/Pr,1843.80,,,,,,,,,
,Plaeto Aspire School Shoes (Size 06 UK) - Black,,,,2 Pr,921.90/Pr,1843.80,,,,,,,,,
07-Oct-25,Radcliffe Education Pvt Ltd (M),PSB2526/INV-1139,PSB2526/INV-1139,Being Sale of Goods - Accounted,6 Pr,,5097.14,5352.00 Dr,5097.14 Cr,254.86 Cr,,,,,,
,Plaeto Aspire School Shoes (Size 13 C) - Black,,,,1 Pr,704.76/Pr,704.76,,,,,,,,,
,Plaeto Aspire School Shoes (Size 01 UK) - Black,,,,2 Pr,867.62/Pr,1735.24,,,,,,,,,
,Plaeto Aspire School Shoes (Size 02 UK) - Black,,,,1 Pr,867.62/Pr,867.62,,,,,,,,,
,Plaeto Aspire School Shoes (Size 03 UK) - Black,,,,1 Pr,867.62/Pr,867.62,,,,,,,,,
,Plaeto Aspire School Shoes (Size 07 UK) - Black,,,,1 Pr,921.90/Pr,921.90,,,,,,,,,
07-Oct-25,Radcliffe Education Pvt Ltd (M),PSB2526/INV-1140,PSB2526/INV-1140,Being Sale of Goods - Accounted,2 Pr,,1735.24,1822.00 Dr,1735.24 Cr,86.76 Cr,,,,,,
,Plaeto Aspire School Shoes (Size 01 UK) - Black,,,,1 Pr,867.62/Pr,867.62,,,,,,,,,
,Plaeto Aspire School Shoes (Size 03 UK) - Black,,,,1 Pr,867.62/Pr,867.62,,,,,,,,,
08-Oct-25,SAI ANUGRAHA TRADERS,PSB2526/INV-1141,PSB2526/INV-1141,Being Sale of Goods - Accounted,5 Pr,,3505.00,3680.00 Dr,3505.00 Cr,175.25 Cr,0.25 Dr,,,,,
,Plaeto Aspire School Shoes (Size 08 C) - Black,,,,2 Pr,701.00/Pr,1402.00,,,,,,,,,
,Plaeto Aspire School Shoes (Size 09 C) - Black,,,,2 Pr,701.00/Pr,1402.00,,,,,,,,,
,Plaeto Aspire School Shoes (Size 13 C) - Black,,,,1 Pr,701.00/Pr,701.00,,,,,,,,,
08-Oct-25,The Yenepoya School,PSB2526/INV-1142,PSB2526/INV-1142,Being Sale of Goods - Accounted,220 Pr,,326075.60,342379.00 Dr,326075.60 Cr,,0.42 Dr,8151.91 Cr,8151.91 Cr,,,
,Plaeto Nova School Shoes (Size 13 C) - Black,,,,10 Pr,1141.90/Pr,11419.00,,,,,,,,,
,Plaeto Nova School Shoes (Size 01 UK) - Black,,,,20 Pr,1427.62/Pr,28552.40,,,,,,,,,
,Plaeto Nova School Shoes (Size 02 UK) - Black,,,,20 Pr,1427.62/Pr,28552.40,,,,,,,,,
,Plaeto Nova School Shoes (Size 03 UK) - Black,,,,20 Pr,1427.62/Pr,28552.40,,,,,,,,,
,Plaeto Nova School Shoes (Size 04 UK) - Black,,,,20 Pr,1427.62/Pr,28552.40,,,,,,,,,
,Plaeto Nova School Shoes (Size 05 UK) - Black,,,,20 Pr,1541.90/Pr,30838.00,,,,,,,,,
,Plaeto Nova School Shoes (Size 06 UK) - Black,,,,20 Pr,1541.90/Pr,30838.00,,,,,,,,,
,Plaeto Nova School Shoes (Size 07 UK) - Black,,,,20 Pr,1541.90/Pr,30838.00,,,,,,,,,
,Plaeto Nova School Shoes (Size 08 UK) - Black,,,,20 Pr,1541.90/Pr,30838.00,,,,,,,,,
,Plaeto Nova School Shoes (Size 09 UK) - Black,,,,20 Pr,1541.90/Pr,30838.00,,,,,,,,,
,Plaeto Nova School Shoes (Size 10 UK) - Black,,,,10 Pr,1541.90/Pr,15419.00,,,,,,,,,
,Plaeto Nova School Shoes (Size 11 UK) - Black,,,,10 Pr,1541.90/Pr,15419.00,,,,,,,,,
,Plaeto Nova School Shoes (Size 12 UK) - Black,,,,10 Pr,1541.90/Pr,15419.00,,,,,,,,,
09-Oct-25,"DAC'S INC .,",PSB2526/INV-1143,PSB2526/INV-1143,Being Sale of Goods - Accounted,6 Pr,,6912.00,7258.00 Dr,6912.00 Cr,,0.40 Cr,172.80 Cr,172.80 Cr,,,
,Plaeto Nova School Shoes (Size 13 C) - Black,,,,2 Pr,960.00/Pr,1920.00,,,,,,,,,
,Plaeto Nova School Shoes (Size 01 UK) - Black,,,,2 Pr,1200.00/Pr,2400.00,,,,,,,,,
,Plaeto Nova School Shoes (Size 06 UK) - Black,,,,2 Pr,1296.00/Pr,2592.00,,,,,,,,,
09-Oct-25,HITESH CREATIONS (J P NAGAR),PSB2526/INV-1144,PSB2526/INV-1144,Being Sale of Goods - Accounted,1 Pr,,968.00,1136.00 Dr,968.00 Cr,,0.39 Dr,24.20 Cr,24.20 Cr,101.69 Cr,9.15 Cr,9.15 Cr
,Plaeto Aspire School Shoes (Size 07 UK) - Black,,,,1 Pr,968.00/Pr,968.00,,,,,,,,,
09-Oct-25,HITESH CREATIONS,PSB2526/INV-1145,PSB2526/INV-1145,Being Sale of Goods - Accounted,2 Pr,,2699.00,3034.00 Dr,2699.00 Cr,,0.05 Cr,67.48 Cr,67.48 Cr,169.49 Cr,15.25 Cr,15.25 Cr
,Plaeto Nova School Shoes (Size 05 UK) - Black,,,,1 Pr,1349.50/Pr,1349.50,,,,,,,,,
,Plaeto Nova School Shoes (Size 06 UK) - Black,,,,1 Pr,1349.50/Pr,1349.50,,,,,,,,,
09-Oct-25,SAI ANUGRAHA TRADERS,PSB2526/INV-1146,PSB2526/INV-1146,Being Sale of Goods - Accounted,8 Pr,,5608.00,5888.00 Dr,5608.00 Cr,280.40 Cr,0.40 Dr,,,,,
,Plaeto Aspire School Shoes (Size 10 C) - Black,,,,6 Pr,701.00/Pr,4206.00,,,,,,,,,
,Plaeto Aspire School Shoes (Size 11 C) - Black,,,,1 Pr,701.00/Pr,701.00,,,,,,,,,
,Plaeto Aspire School Shoes (Size 12 C) - Black,,,,1 Pr,701.00/Pr,701.00,,,,,,,,,
09-Oct-25,SAI ANUGRAHA TRADERS,PSB2526/INV-1147,PSB2526/INV-1147,Being Sale of Goods - Accounted,1 Pr,,900.00,945.00 Dr,900.00 Cr,45.00 Cr,,,,,,
,Plaeto Nova School Shoes (Size 08C) - Black,,,,1 Pr,900.00/Pr,900.00,,,,,,,,,
10-Oct-25,SAI ANUGRAHA TRADERS,PSB2526/INV-1148,PSB2526/INV-1148,Being Sale of Goods - Accounted,5 Pr,,4500.00,4725.00 Dr,4500.00 Cr,225.00 Cr,,,,,,
,Plaeto Nova School Shoes (Size 07 C) - Black,,,,1 Pr,900.00/Pr,900.00,,,,,,,,,
,Plaeto Nova School Shoes (Size 08C) - Black,,,,2 Pr,900.00/Pr,1800.00,,,,,,,,,
,Plaeto Nova School Shoes (Size 09C) - Black,,,,2 Pr,900.00/Pr,1800.00,,,,,,,,,
10-Oct-25,SAI ANUGRAHA TRADERS,PSB2526/INV-1149,PSB2526/INV-1149,Being Sale of Goods - Accounted,1 Pr,,900.00,945.00 Dr,900.00 Cr,45.00 Cr,,,,,,
,Plaeto Nova School Shoes (Size 08C) - Black,,,,1 Pr,900.00/Pr,900.00,,,,,,,,,
10-Oct-25,D S APPARELS,PSB2526/INV-1150,PSB2526/INV-1150,Being Sale of Goods - Accounted,2 Pr,,1819.64,1911.00 Dr,1819.64 Cr,,0.38 Cr,45.49 Cr,45.49 Cr,,,
,Plaeto Aspire School Shoes (Size 08 UK) - Black,,,,2 Pr,909.82/Pr,1819.64,,,,,,,,,
11-Oct-25,Samaikya Edu Services Pvt Ltd,PSB2526/INV-1151,PSB2526/INV-1151,Being Sale of Goods - Accounted,3 Pr,,4559.04,4787.00 Dr,4559.04 Cr,227.96 Cr,,,,,,
,Reebok Prodigy Shoe (Size 04 Y) - Black,,,,1 Pr,1465.71/Pr,1465.71,,,,,,,,,
,Reebok Prodigy Shoe (Size 05 Y) - Black,,,,1 Pr,1465.71/Pr,1465.71,,,,,,,,,
,Reebok Prodigy Shoe (Size 07 US) - Black,,,,1 Pr,1627.62/Pr,1627.62,,,,,,,,,
11-Oct-25,"DAC'S INC .,",PSB2526/INV-1152,PSB2526/INV-1152,Being Sale of Goods - Accounted,18 Pr,,23086.00,24240.00 Dr,23086.00 Cr,,0.30 Dr,577.15 Cr,577.15 Cr,,,
,Plaeto Nova School Shoes (Size 12 C) - Black,,,,2 Pr,1110.00/Pr,2220.00,,,,,,,,,
,Plaeto Nova School Shoes (Size 13 C) - Black,,,,3 Pr,1110.00/Pr,3330.00,,,,,,,,,
,Plaeto Nova School Shoes (Size 01 UK) - Black,,,,2 Pr,1300.00/Pr,2600.00,,,,,,,,,
,Plaeto Nova School Shoes (Size 02 UK) - Black,,,,3 Pr,1300.00/Pr,3900.00,,,,,,,,,
,Plaeto Nova School Shoes (Size 03 UK) - Black,,,,2 Pr,1300.00/Pr,2600.00,,,,,,,,,
,Plaeto Nova School Shoes (Size 05 UK) - Black,,,,2 Pr,1406.00/Pr,2812.00,,,,,,,,,
,Plaeto Nova School Shoes (Size 06 UK) - Black,,,,2 Pr,1406.00/Pr,2812.00,,,,,,,,,
,Plaeto Nova School Shoes (Size 07 UK) - Black,,,,2 Pr,1406.00/Pr,2812.00,,,,,,,,,
13-Oct-25,R M SURESH & CO,PSB2526/INV-1153,PSB2526/INV-1153,Being Sale of Goods - Accounted,4 Pr,,4898.04,5143.00 Dr,4898.04 Cr,,0.04 Cr,122.46 Cr,122.46 Cr,,,
,Plaeto Nova School Shoes (Size 03 UK) - Black,,,,2 Pr,1224.51/Pr,2449.02,,,,,,,,,
,Plaeto Nova School Shoes (Size 04 UK) - Black,,,,2 Pr,1224.51/Pr,2449.02,,,,,,,,,
13-Oct-25,ELEMENTS BRAND MERCHANDISING,PSB2526/INV-1154,PSB2526/INV-1154,Being Sale of Goods - Accounted,1 Pr,,1296.00,1361.00 Dr,1296.00 Cr,64.80 Cr,0.20 Cr,,,,,
,Reebok Prodigy Shoe (Size 01 Y) - Black,,,,1 Pr,1296.00/Pr,1296.00,,,,,,,,,
14-Oct-25,Unipro (S),PSB2526/INV-1155,PSB2526/INV-1155,Being Sale of Goods - Accounted,3 Pr,,3780.00,3969.00 Dr,3780.00 Cr,,,94.50 Cr,94.50 Cr,,,
,Reebok Prodigy Shoe (Size 13 C) - White,,,,2 Pr,1215.00/Pr,2430.00,,,,,,,,,
,Reebok Prodigy Shoe (Size 10 US) - White,,,,1 Pr,1350.00/Pr,1350.00,,,,,,,,,
14-Oct-25,HITESH CREATIONS (J P NAGAR),PSB2526/INV-1156,PSB2526/INV-1156,Being Sale of Goods - Accounted,10 Pr,,9395.00,9865.00 Dr,9395.00 Cr,,0.22 Cr,234.89 Cr,234.89 Cr,,,
,Plaeto Aspire School Shoes (Size 02 UK) - Black,,,,1 Pr,911.00/Pr,911.00,,,,,,,,,
,Plaeto Aspire School Shoes (Size 03 UK) - Black,,,,2 Pr,911.00/Pr,1822.00,,,,,,,,,
,Plaeto Aspire School Shoes (Size 06 UK) - Black,,,,1 Pr,968.00/Pr,968.00,,,,,,,,,
,Plaeto Aspire School Shoes (Size 07 UK) - Black,,,,1 Pr,968.00/Pr,968.00,,,,,,,,,
,Plaeto Aspire School Shoes (Size 08 UK) - Black,,,,1 Pr,968.00/Pr,968.00,,,,,,,,,
,Plaeto Aspire School Shoes (Size 03 UK) - White,,,,1 Pr,911.00/Pr,911.00,,,,,,,,,
,Plaeto Aspire School Shoes (Size 04 UK) - White,,,,1 Pr,911.00/Pr,911.00,,,,,,,,,
,Plaeto Aspire School Shoes (Size 06 UK) - White,,,,1 Pr,968.00/Pr,968.00,,,,,,,,,
,Plaeto Aspire School Shoes (Size 08 UK) - White,,,,1 Pr,968.00/Pr,968.00,,,,,,,,,
14-Oct-25,Walk-King Shoe Company,PSB2526/INV-1157,PSB2526/INV-1157,Being Sale of Goods - Accounted,5 Pr,,7380.00,7749.00 Dr,7380.00 Cr,369.00 Cr,,,,,,
,Reebok Champion Shoe (Size 08 US) - Black,,,,2 Pr,1476.00/Pr,2952.00,,,,,,,,,
,Reebok Champion Shoe (Size 09 US) - Black,,,,3 Pr,1476.00/Pr,4428.00,,,,,,,,,
14-Oct-25,Walk-King Shoe Company,PSB2526/INV-1158,PSB2526/INV-1158,Being Sale of Goods - Accounted,2 Pr,,2214.00,2325.00 Dr,2214.00 Cr,110.70 Cr,0.30 Cr,,,,,
,Reebok Prodigy Shoe (Size 03 Y) - Black,,,,2 Pr,1107.00/Pr,2214.00,,,,,,,,,
14-Oct-25,SAI ANUGRAHA TRADERS,PSB2526/INV-1159,PSB2526/INV-1159,Being Sale of Goods - Accounted,1 Pr,,701.00,736.00 Dr,701.00 Cr,35.05 Cr,0.05 Dr,,,,,
,Plaeto Aspire School Shoes (Size 10 C) - Black,,,,1 Pr,701.00/Pr,701.00,,,,,,,,,
14-Oct-25,MICKEY AND MINNIE CLOTHING,PSB2526/INV-1160,PSB2526/INV-1160,Being Sale of Goods - Accounted,1 Pr,,1350.00,1418.00 Dr,1350.00 Cr,,0.50 Cr,33.75 Cr,33.75 Cr,,,
,Reebok Prodigy Shoe (Size 05 Y) - White,,,,1 Pr,1350.00/Pr,1350.00,,,,,,,,,
17-Oct-25,Walk-King Shoe Company,PSB2526/INV-1161,PSB2526/INV-1161,Being Sale of Goods - Accounted,8 Pr,,11808.00,12398.00 Dr,11808.00 Cr,590.40 Cr,0.40 Dr,,,,,
,Reebok Champion Shoe (Size 10 US) - Black,,,,4 Pr,1476.00/Pr,5904.00,,,,,,,,,
,Reebok Champion Shoe (Size 12 US) - Black,,,,4 Pr,1476.00/Pr,5904.00,,,,,,,,,
17-Oct-25,C D Agarwal & Sons,PSB2526/INV-1162,PSB2526/INV-1162,Being Sale of Goods - Accounted,63 Pr,,102243.00,107355.00 Dr,102243.00 Cr,5112.15 Cr,0.15 Dr,,,,,
,Puma School Shoes (Size 03 UK) - Black,,,,4 Pr,1529.00/Pr,6116.00,,,,,,,,,
,Puma School Shoes (Size 04 UK) - Black,,,,4 Pr,1529.00/Pr,6116.00,,,,,,,,,
,Puma School Shoes (Size 05 UK) - Black,,,,4 Pr,1682.00/Pr,6728.00,,,,,,,,,
,Puma School Shoes (Size 06 UK) - Black,,,,4 Pr,1682.00/Pr,6728.00,,,,,,,,,
,Puma School Shoes (Size 09 C) - White,,,,2 Pr,1427.00/Pr,2854.00,,,,,,,,,
,Puma School Shoes (Size 01 UK) - White,,,,2 Pr,1529.00/Pr,3058.00,,,,,,,,,
,Puma School Shoes (Size 02 UK) - White,,,,2 Pr,1529.00/Pr,3058.00,,,,,,,,,
,Puma School Shoes (Size 03 UK) - White,,,,4 Pr,1529.00/Pr,6116.00,,,,,,,,,
,Puma School Shoes (Size 04 UK) - White,,,,5 Pr,1529.00/Pr,7645.00,,,,,,,,,
,Puma School Shoes (Size 05 UK) - White,,,,6 Pr,1682.00/Pr,10092.00,,,,,,,,,
,Puma School Shoes (Size 06 UK) - White,,,,6 Pr,1682.00/Pr,10092.00,,,,,,,,,
,Puma School Shoes (Size 07 UK) - White,,,,6 Pr,1682.00/Pr,10092.00,,,,,,,,,
,Puma School Shoes (Size 08 UK) - White,,,,8 Pr,1682.00/Pr,13456.00,,,,,,,,,
,Puma School Shoes (Size 09 UK) - White,,,,6 Pr,1682.00/Pr,10092.00,,,,,,,,,
22-Oct-25,"Lighthouse Learning Pvt Ltd.,",PSB2526/INV-1163,PSB2526/INV-1163,Being Sale of Goods - Accounted,360 Pr,,356040.00,373842.00 Dr,356040.00 Cr,17802.00 Cr,,,,,,
,Plaeto Nova School Shoes (Size 09 C) - Grey / Blue,,,,26 Pr,989.00/Pr,25714.00,,,,,,,,,
,Plaeto Nova School Shoes (Size 10 C) - Grey / Blue,,,,49 Pr,989.00/Pr,48461.00,,,,,,,,,
,Plaeto Nova School Shoes (Size 11 C) - Grey / Blue,,,,31 Pr,989.00/Pr,30659.00,,,,,,,,,
,Plaeto Nova School Shoes (Size 12 C) - Grey / Blue,,,,32 Pr,989.00/Pr,31648.00,,,,,,,,,
,Plaeto Nova School Shoes (Size 13 C) - Grey / Blue,,,,222 Pr,989.00/Pr,219558.00,,,,,,,,,
22-Oct-25,Meru International School,PSB2526/INV-1164,PSB2526/INV-1164,Being Sale of Goods - Accounted,101 Pcs,,62524.05,65650.00 Dr,62524.05 Cr,3126.20 Cr,0.25 Dr,,,,,
,Hoodies,,,,101 Pcs,619.05/Pcs,62524.05,,,,,,,,,
23-Oct-25,SAI ANUGRAHA TRADERS,PSB2526/INV-1165,PSB2526/INV-1165,Being Sale of Goods - Accounted,2 Pr,,2025.00,2126.00 Dr,2025.00 Cr,101.25 Cr,0.25 Dr,,,,,
,Plaeto Nova School Shoes (Size 08C) - Black,,,,1 Pr,900.00/Pr,900.00,,,,,,,,,
,Plaeto Nova School Shoes (Size 02 UK) - Black,,,,1 Pr,1125.00/Pr,1125.00,,,,,,,,,
23-Oct-25,SAI ANUGRAHA TRADERS,PSB2526/INV-1166,PSB2526/INV-1166,Being Sale of Goods - Accounted,11 Pr,,11205.00,11765.00 Dr,11205.00 Cr,560.25 Cr,0.25 Dr,,,,,
,Plaeto Nova School Shoes (Size 08 C) - White,,,,1 Pr,900.00/Pr,900.00,,,,,,,,,
,Plaeto Nova School Shoes (Size 09 C) - White,,,,1 Pr,900.00/Pr,900.00,,,,,,,,,
,Plaeto Nova School Shoes (Size 10 C) - White,,,,2 Pr,900.00/Pr,1800.00,,,,,,,,,
,Plaeto Nova School Shoes (Size 11 C) - White,,,,1 Pr,900.00/Pr,900.00,,,,,,,,,
,Plaeto Nova School Shoes (Size 12 C) - White,,,,1 Pr,900.00/Pr,900.00,,,,,,,,,
,Plaeto Nova School Shoes (Size 02 UK) - White,,,,2 Pr,1125.00/Pr,2250.00,,,,,,,,,
,Plaeto Nova School Shoes (Size 04 UK) - White,,,,1 Pr,1125.00/Pr,1125.00,,,,,,,,,
,Plaeto Nova School Shoes (Size 05 UK) - White,,,,1 Pr,1215.00/Pr,1215.00,,,,,,,,,
,Plaeto Nova School Shoes (Size 08 UK) - White,,,,1 Pr,1215.00/Pr,1215.00,,,,,,,,,
23-Oct-25,SAI ANUGRAHA TRADERS,PSB2526/INV-1167,PSB2526/INV-1167,Being Sale of Goods - Accounted,4 Pr,,3600.00,3780.00 Dr,3600.00 Cr,180.00 Cr,,,,,,
,Plaeto Nova School Shoes (Size 9 C) - Black,,,,3 Pr,900.00/Pr,2700.00,,,,,,,,,
,Plaeto Nova School Shoes (Size 10 C) - Black,,,,1 Pr,900.00/Pr,900.00,,,,,,,,,
24-Oct-25,Nspira Management Services Pvt. Ltd (B),PSB2526/INV-1168,PSB2526/INV-1168,Being Sale of Goods - Accounted,21 Pr,,33974.32,35673.00 Dr,33974.32 Cr,,0.04 Dr,849.36 Cr,849.36 Cr,,,
,Reebok Prodigy Shoe - Black,,,,20 Pr,1615.24/Pr,32304.80,,,,,,,,,
,Reebok Prodigy Shoe - Black,,,,1 Pr,1669.52/Pr,1669.52,,,,,,,,,
24-Oct-25,Nspira Management Services Pvt. Ltd (B),PSB2526/INV-1169,PSB2526/INV-1169,Being Sale of Goods - Accounted,23 Pr,,37421.92,39293.00 Dr,37421.92 Cr,,0.02 Dr,935.55 Cr,935.55 Cr,,,
,Reebok Prodigy Shoe - Black,,,,18 Pr,1615.24/Pr,29074.32,,,,,,,,,
,Reebok Prodigy Shoe - Black,,,,5 Pr,1669.52/Pr,8347.60,,,,,,,,,
24-Oct-25,Nspira Management Services Pvt. Ltd (B),PSB2526/INV-1170,PSB2526/INV-1170,Being Sale of Goods - Accounted,27 Pr,,44208.56,46419.00 Dr,44208.56 Cr,,,1105.22 Cr,1105.22 Cr,,,
,Reebok Prodigy Shoe - Black,,,,16 Pr,1615.24/Pr,25843.84,,,,,,,,,
,Reebok Prodigy Shoe - Black,,,,11 Pr,1669.52/Pr,18364.72,,,,,,,,,
24-Oct-25,Nspira Management Services Pvt. Ltd (B),PSB2526/INV-1171,PSB2526/INV-1171,Being Sale of Goods - Accounted,20 Pr,,32467.64,34091.00 Dr,32467.64 Cr,,0.02 Dr,811.69 Cr,811.69 Cr,,,
,Reebok Prodigy Shoe - Black,,,,17 Pr,1615.24/Pr,27459.08,,,,,,,,,
,Reebok Prodigy Shoe - Black,,,,3 Pr,1669.52/Pr,5008.56,,,,,,,,,
24-Oct-25,Nspira Management Services Pvt. Ltd (B),PSB2526/INV-1172,PSB2526/INV-1172,Being Sale of Goods - Accounted,6 Pr,,9691.44,10176.00 Dr,9691.44 Cr,,0.02 Dr,242.29 Cr,242.29 Cr,,,
,Reebok Prodigy Shoe - Black,,,,6 Pr,1615.24/Pr,9691.44,,,,,,,,,
24-Oct-25,Nspira Management Services Pvt. Ltd (B),PSB2526/INV-1173,PSB2526/INV-1173,Being Sale of Goods - Accounted,23 Pr,,37421.92,39293.00 Dr,37421.92 Cr,,0.02 Dr,935.55 Cr,935.55 Cr,,,
,Reebok Prodigy Shoe - Black,,,,18 Pr,1615.24/Pr,29074.32,,,,,,,,,
,Reebok Prodigy Shoe - Black,,,,5 Pr,1669.52/Pr,8347.60,,,,,,,,,
24-Oct-25,Nspira Management Services Pvt. Ltd (B),PSB2526/INV-1174,PSB2526/INV-1174,Being Sale of Goods - Accounted,8 Pr,,12921.92,13568.00 Dr,12921.92 Cr,,0.02 Dr,323.05 Cr,323.05 Cr,,,
,Reebok Prodigy Shoe - Black,,,,8 Pr,1615.24/Pr,12921.92,,,,,,,,,
24-Oct-25,Nspira Management Services Pvt. Ltd (B),PSB2526/INV-1175,PSB2526/INV-1175,Being Sale of Goods - Accounted,31 Pr,,50452.40,52975.00 Dr,50452.40 Cr,,0.02 Dr,1261.31 Cr,1261.31 Cr,,,
,Reebok Prodigy Shoe - Black,,,,24 Pr,1615.24/Pr,38765.76,,,,,,,,,
,Reebok Prodigy Shoe - Black,,,,7 Pr,1669.52/Pr,11686.64,,,,,,,,,
24-Oct-25,Nspira Management Services Pvt. Ltd (B),PSB2526/INV-1176,PSB2526/INV-1176,Being Sale of Goods - Accounted,1 Pr,,1669.52,1753.00 Dr,1669.52 Cr,,,41.74 Cr,41.74 Cr,,,
,Reebok Prodigy Shoe - Black,,,,1 Pr,1669.52/Pr,1669.52,,,,,,,,,
24-Oct-25,Nspira Management Services Pvt. Ltd (B),PSB2526/INV-1177,PSB2526/INV-1177,Being Sale of Goods - Accounted,6 Pr,,9800.00,10290.00 Dr,9800.00 Cr,,,245.00 Cr,245.00 Cr,,,
,Reebok Prodigy Shoe - Black,,,,4 Pr,1615.24/Pr,6460.96,,,,,,,,,
,Reebok Prodigy Shoe - Black,,,,2 Pr,1669.52/Pr,3339.04,,,,,,,,,
24-Oct-25,Nspira Management Services Pvt. Ltd (B),PSB2526/INV-1178,PSB2526/INV-1178,Being Sale of Goods - Accounted,9 Pr,,14645.72,15378.00 Dr,14645.72 Cr,,0.02 Dr,366.15 Cr,366.15 Cr,,,
,Reebok Prodigy Shoe - Black,,,,7 Pr,1615.24/Pr,11306.68,,,,,,,,,
,Reebok Prodigy Shoe - Black,,,,2 Pr,1669.52/Pr,3339.04,,,,,,,,,
24-Oct-25,Nspira Management Services Pvt. Ltd (B),PSB2526/INV-1179,PSB2526/INV-1179,Being Sale of Goods - Accounted,1 Pr,,1669.52,1753.00 Dr,1669.52 Cr,,,41.74 Cr,41.74 Cr,,,
,Reebok Prodigy Shoe - Black,,,,1 Pr,1669.52/Pr,1669.52,,,,,,,,,
24-Oct-25,Nspira Management Services Pvt. Ltd (B),PSB2526/INV-1180,PSB2526/INV-1180,Being Sale of Goods - Accounted,1 Pr,,1615.24,1696.00 Dr,1615.24 Cr,,,40.38 Cr,40.38 Cr,,,
,Reebok Prodigy Shoe - Black,,,,1 Pr,1615.24/Pr,1615.24,,,,,,,,,
24-Oct-25,Nspira Management Services Pvt. Ltd (B),PSB2526/INV-1181,PSB2526/INV-1181,Being Sale of Goods - Accounted,2 Pr,,3339.04,3506.00 Dr,3339.04 Cr,,,83.48 Cr,83.48 Cr,,,
,Reebok Prodigy Shoe - Black,,,,2 Pr,1669.52/Pr,3339.04,,,,,,,,,
24-Oct-25,Nspira Management Services Pvt. Ltd (B),PSB2526/INV-1182,PSB2526/INV-11812,Being Sale of Goods - Accounted,2 Pr,,3230.48,3392.00 Dr,3230.48 Cr,,,80.76 Cr,80.76 Cr,,,
,Reebok Prodigy Shoe - Black,,,,2 Pr,1615.24/Pr,3230.48,,,,,,,,,
24-Oct-25,Nspira Management Services Pvt. Ltd (B),PSB2526/INV-1183,PSB2526/INV-1183,Being Sale of Goods - Accounted,1 Pr,,1669.52,1753.00 Dr,1669.52 Cr,,,41.74 Cr,41.74 Cr,,,
,Reebok Prodigy Shoe - Black,,,,1 Pr,1669.52/Pr,1669.52,,,,,,,,,
24-Oct-25,Walk-King Shoe Company,PSB2526/INV-1184,PSB2526/INV-1184,Being Sale of Goods - Accounted,2 Pr,,2214.00,2325.00 Dr,2214.00 Cr,110.70 Cr,0.30 Cr,,,,,
,Reebok Prodigy Shoe (Size 03 Y) - Black,,,,1 Pr,1107.00/Pr,1107.00,,,,,,,,,
,Reebok Prodigy Shoe (Size 04 Y) - Black,,,,1 Pr,1107.00/Pr,1107.00,,,,,,,,,
24-Oct-25,Mr. ROHIT BADHWAR,PSB2526/INV-1185,PSB2526/INV-1185,Being Sale of Goods - Accounted,8 Pr,,11040.00,11592.00 Dr,11040.00 Cr,552.00 Cr,,,,,,
,Reebok Prodigy Shoe (Size 11 US) - White,,,,8 Pr,1380.00/Pr,11040.00,,,,,,,,,
25-Oct-25,"Lighthouse Learning Pvt Ltd.,",PSB2526/INV-1186,PSB2526/INV-1186,Being Sale of Goods - Accounted,412 Pr,,407468.00,427841.00 Dr,407468.00 Cr,20373.40 Cr,0.40 Dr,,,,,
,Plaeto Nova School Shoes (Size 09 C) - Grey / Blue,,,,2 Pr,989.00/Pr,1978.00,,,,,,,,,
,Plaeto Nova School Shoes (Size 11 C) - Grey / Blue,,,,100 Pr,989.00/Pr,98900.00,,,,,,,,,
,Plaeto Nova School Shoes (Size 12 C) - Grey / Blue,,,,147 Pr,989.00/Pr,145383.00,,,,,,,,,
,Plaeto Nova School Shoes (Size 13 C) - Grey / Blue,,,,163 Pr,989.00/Pr,161207.00,,,,,,,,,
27-Oct-25,ELEMENTS BRAND MERCHANDISING,PSB2526/INV-1187,PSB2526/INV-1187,Being Sale of Goods - Accounted,1 Pr,,1296.00,1361.00 Dr,1296.00 Cr,64.80 Cr,0.20 Cr,,,,,
,Reebok Prodigy Shoe (Size 02 Y) - Black,,,,1 Pr,1296.00/Pr,1296.00,,,,,,,,,
,Grand Total,,,,,,1790696.63,1880551.00 Dr,1790696.63 Cr,55675.75 Cr,0.64 Dr,16929.64 Cr,16929.64 Cr,271.18 Cr,24.40 Cr,24.40 Cr
