Date,Particulars,Voucher No.,Voucher Ref. No.,Narration,Quantity,Rate,Value,Gross Total,GST Sales,Output IGST @ 5%,Round Off,Output CGST @ 9%,Output SGST @ 9%,Output IGST @ 12%,Output CGST @ 6%,Output SGST @ 6%,Output IGST @ 18%,Shipping Local GST @ 12%,Output CGST @ 2.5%,Output SGST @ 2.5%,Shipping Interstate GST @ 12%,Shipping Interstate GST @ 12,Local GST Sales @ 18%,Interstate GST Sales @ 18%,Local GST Sales @ 5%,Interstate GST Sales @ 5%,Shipping Local GST @ 18%,Shipping Interstate GST @ 18%,Shipping Interstate GST @ 18%
01-Sep-25,Arka International School,PSB2526/INV-1027,PSB2526/INV-1027,Being Sale of Goods - Accounted,14 Pcs,,11319.98,11886.00 Dr,11319.98 Cr,566.00 Cr,0.02 Cr,,,,,,,,,,,,,,,,,,
,Arka Golfer T Shirts - Maroon - L,,,,2 Pcs,808.57/Pcs,1617.14,,,,,,,,,,,,,,,,,,,,,,
,Arka Golfer T Shirts - Maroon - XL,,,,8 Pcs,808.57/Pcs,6468.56,,,,,,,,,,,,,,,,,,,,,,
,Arka Golfer T Shirts - Maroon - XXL,,,,4 Pcs,808.57/Pcs,3234.28,,,,,,,,,,,,,,,,,,,,,,
01-Sep-25,Sharanya Narayani International School,PSB2526/INV-1028,PSB2526/INV-1028,Being Sale of Goods - Accounted,10 Pr,,14330.50,16910.00 Dr,14330.50 Cr,,0.04 Cr,1289.73 Cr,1289.73 Cr,,,,,,,,,,,,,,,,
,Reebok Prodigy Shoe (Size 03 Y) - Black,,,,1 Pr,1372.03/Pr,1372.03,,,,,,,,,,,,,,,,,,,,,,
,Reebok Prodigy Shoe (Size 07 US) - Black,,,,1 Pr,1524.58/Pr,1524.58,,,,,,,,,,,,,,,,,,,,,,
,Reebok Prodigy Shoe (Size 12 US) - Black,,,,1 Pr,1524.58/Pr,1524.58,,,,,,,,,,,,,,,,,,,,,,
,Reebok Prodigy Shoe (Size 03 Y) - White,,,,1 Pr,1372.03/Pr,1372.03,,,,,,,,,,,,,,,,,,,,,,
,Reebok Prodigy Shoe (Size 05 Y) - White,,,,4 Pr,1372.03/Pr,5488.12,,,,,,,,,,,,,,,,,,,,,,
,Reebok Prodigy Shoe (Size 07 US) - White,,,,1 Pr,1524.58/Pr,1524.58,,,,,,,,,,,,,,,,,,,,,,
,Reebok Prodigy Shoe (Size 12 US) - White,,,,1 Pr,1524.58/Pr,1524.58,,,,,,,,,,,,,,,,,,,,,,
01-Sep-25,Radcliffe Education Pvt Ltd (M),PSB2526/INV-1029,PSB2526/INV-1029,Being Sale of Goods - Accounted,19 Pr,,14691.03,16454.00 Dr,14691.03 Cr,,0.05 Cr,,,1762.92 Cr,,,,,,,,,,,,,,,
,Plaeto Aspire School Shoes (Size 08 C) - Black,,,,1 Pr,660.71/Pr,660.71,,,,,,,,,,,,,,,,,,,,,,
,Plaeto Aspire School Shoes (Size 09 C) - Black,,,,2 Pr,660.71/Pr,1321.42,,,,,,,,,,,,,,,,,,,,,,
,Plaeto Aspire School Shoes (Size 13 C) - Black,,,,3 Pr,660.71/Pr,1982.13,,,,,,,,,,,,,,,,,,,,,,
,Plaeto Aspire School Shoes (Size 01 UK) - Black,,,,2 Pr,813.39/Pr,1626.78,,,,,,,,,,,,,,,,,,,,,,
,Plaeto Aspire School Shoes (Size 02 UK) - Black,,,,3 Pr,813.39/Pr,2440.17,,,,,,,,,,,,,,,,,,,,,,
,Plaeto Aspire School Shoes (Size 03 UK) - Black,,,,2 Pr,813.39/Pr,1626.78,,,,,,,,,,,,,,,,,,,,,,
,Plaeto Aspire School Shoes (Size 04 UK) - Black,,,,3 Pr,813.39/Pr,2440.17,,,,,,,,,,,,,,,,,,,,,,
,Plaeto Aspire School Shoes (Size 05 UK) - Black,,,,1 Pr,864.29/Pr,864.29,,,,,,,,,,,,,,,,,,,,,,
,Plaeto Aspire School Shoes (Size 06 UK) - Black,,,,2 Pr,864.29/Pr,1728.58,,,,,,,,,,,,,,,,,,,,,,
01-Sep-25,Radcliffe Education Pvt Ltd (M),PSB2526/INV-1030,PSB2526/INV-1030,Being Sale of Goods - Accounted,13 Pr,,9556.21,10703.00 Dr,9556.21 Cr,,0.04 Cr,,,1146.75 Cr,,,,,,,,,,,,,,,
,Plaeto Aspire School Shoes (Size 07 C) - Black,,,,1 Pr,660.71/Pr,660.71,,,,,,,,,,,,,,,,,,,,,,
,Plaeto Aspire School Shoes (Size 12 C) - Black,,,,4 Pr,660.71/Pr,2642.84,,,,,,,,,,,,,,,,,,,,,,
,Plaeto Aspire School Shoes (Size 13 C) - Black,,,,2 Pr,660.71/Pr,1321.42,,,,,,,,,,,,,,,,,,,,,,
,Plaeto Aspire School Shoes (Size 01 UK) - Black,,,,4 Pr,813.39/Pr,3253.56,,,,,,,,,,,,,,,,,,,,,,
,Plaeto Aspire School Shoes (Size 03 UK) - Black,,,,1 Pr,813.39/Pr,813.39,,,,,,,,,,,,,,,,,,,,,,
,Plaeto Aspire School Shoes (Size 08 UK) - Black,,,,1 Pr,864.29/Pr,864.29,,,,,,,,,,,,,,,,,,,,,,
01-Sep-25,Radcliffe Education Pvt Ltd (M),PSB2526/INV-1031,PSB2526/INV-1031,Being Sale of Goods - Accounted,18 Pr,,13674.06,15315.00 Dr,13674.06 Cr,,0.05 Cr,,,1640.89 Cr,,,,,,,,,,,,,,,
,Plaeto Aspire School Shoes (Size 08 C) - Black,,,,2 Pr,660.71/Pr,1321.42,,,,,,,,,,,,,,,,,,,,,,
,Plaeto Aspire School Shoes (Size 09 C) - Black,,,,1 Pr,660.71/Pr,660.71,,,,,,,,,,,,,,,,,,,,,,
,Plaeto Aspire School Shoes (Size 10 C) - Black,,,,1 Pr,660.71/Pr,660.71,,,,,,,,,,,,,,,,,,,,,,
,Plaeto Aspire School Shoes (Size 13 C) - Black,,,,3 Pr,660.71/Pr,1982.13,,,,,,,,,,,,,,,,,,,,,,
,Plaeto Aspire School Shoes (Size 01 UK) - Black,,,,5 Pr,813.39/Pr,4066.95,,,,,,,,,,,,,,,,,,,,,,
,Plaeto Aspire School Shoes (Size 03 UK) - Black,,,,3 Pr,813.39/Pr,2440.17,,,,,,,,,,,,,,,,,,,,,,
,Plaeto Aspire School Shoes (Size 04 UK) - Black,,,,1 Pr,813.39/Pr,813.39,,,,,,,,,,,,,,,,,,,,,,
,Plaeto Aspire School Shoes (Size 05 UK) - Black,,,,1 Pr,864.29/Pr,864.29,,,,,,,,,,,,,,,,,,,,,,
,Plaeto Aspire School Shoes (Size 06 UK) - Black,,,,1 Pr,864.29/Pr,864.29,,,,,,,,,,,,,,,,,,,,,,
01-Sep-25,Radcliffe Education Pvt Ltd (M),PSB2526/INV-1032,PSB2526/INV-1032,Being Sale of Goods - Accounted,11 Pr,,7878.53,8824.00 Dr,7878.53 Cr,,0.03 Cr,,,945.44 Cr,,,,,,,,,,,,,,,
,Plaeto Aspire School Shoes (Size 07 C) - Black,,,,2 Pr,660.71/Pr,1321.42,,,,,,,,,,,,,,,,,,,,,,
,Plaeto Aspire School Shoes (Size 08 C) - Black,,,,1 Pr,660.71/Pr,660.71,,,,,,,,,,,,,,,,,,,,,,
,Plaeto Aspire School Shoes (Size 11 C) - Black,,,,1 Pr,660.71/Pr,660.71,,,,,,,,,,,,,,,,,,,,,,
,Plaeto Aspire School Shoes (Size 12 C) - Black,,,,1 Pr,660.71/Pr,660.71,,,,,,,,,,,,,,,,,,,,,,
,Plaeto Aspire School Shoes (Size 13 C) - Black,,,,2 Pr,660.71/Pr,1321.42,,,,,,,,,,,,,,,,,,,,,,
,Plaeto Aspire School Shoes (Size 01 UK) - Black,,,,1 Pr,813.39/Pr,813.39,,,,,,,,,,,,,,,,,,,,,,
,Plaeto Aspire School Shoes (Size 02 UK) - Black,,,,2 Pr,813.39/Pr,1626.78,,,,,,,,,,,,,,,,,,,,,,
,Plaeto Aspire School Shoes (Size 03 UK) - Black,,,,1 Pr,813.39/Pr,813.39,,,,,,,,,,,,,,,,,,,,,,
01-Sep-25,Radcliffe Education Pvt Ltd (M),PSB2526/INV-1033,PSB2526/INV-1033,Being Sale of Goods - Accounted,10 Pr,,7726.78,8654.00 Dr,7726.78 Cr,,,,,927.22 Cr,,,,,,,,,,,,,,,
,Plaeto Aspire School Shoes (Size 07 C) - Black,,,,1 Pr,660.71/Pr,660.71,,,,,,,,,,,,,,,,,,,,,,
,Plaeto Aspire School Shoes (Size 10 C) - Black,,,,1 Pr,660.71/Pr,660.71,,,,,,,,,,,,,,,,,,,,,,
,Plaeto Aspire School Shoes (Size 11 C) - Black,,,,2 Pr,660.71/Pr,1321.42,,,,,,,,,,,,,,,,,,,,,,
,Plaeto Aspire School Shoes (Size 01 UK) - Black,,,,1 Pr,813.39/Pr,813.39,,,,,,,,,,,,,,,,,,,,,,
,Plaeto Aspire School Shoes (Size 02 UK) - Black,,,,1 Pr,813.39/Pr,813.39,,,,,,,,,,,,,,,,,,,,,,
,Plaeto Aspire School Shoes (Size 06 UK) - Black,,,,1 Pr,864.29/Pr,864.29,,,,,,,,,,,,,,,,,,,,,,
,Plaeto Aspire School Shoes (Size 07 UK) - Black,,,,2 Pr,864.29/Pr,1728.58,,,,,,,,,,,,,,,,,,,,,,
,Plaeto Aspire School Shoes (Size 10 UK) - Black,,,,1 Pr,864.29/Pr,864.29,,,,,,,,,,,,,,,,,,,,,,
01-Sep-25,Radcliffe Education Pvt Ltd (M),PSB2526/INV-1034,PSB2526/INV-1034,Being Sale of Goods - Accounted,7 Pr,,5083.01,5693.00 Dr,5083.01 Cr,,0.02 Cr,,,609.97 Cr,,,,,,,,,,,,,,,
,Plaeto Aspire School Shoes (Size 10 C) - Black,,,,1 Pr,660.71/Pr,660.71,,,,,,,,,,,,,,,,,,,,,,
,Plaeto Aspire School Shoes (Size 12 C) - Black,,,,1 Pr,660.71/Pr,660.71,,,,,,,,,,,,,,,,,,,,,,
,Plaeto Aspire School Shoes (Size 13 C) - Black,,,,2 Pr,660.71/Pr,1321.42,,,,,,,,,,,,,,,,,,,,,,
,Plaeto Aspire School Shoes (Size 01 UK) - Black,,,,2 Pr,813.39/Pr,1626.78,,,,,,,,,,,,,,,,,,,,,,
,Plaeto Aspire School Shoes (Size 04 UK) - Black,,,,1 Pr,813.39/Pr,813.39,,,,,,,,,,,,,,,,,,,,,,
01-Sep-25,Radcliffe Education Pvt Ltd (M),PSB2526/INV-1035,PSB2526/INV-1035,Being Sale of Goods - Accounted,4 Pr,,3253.58,3644.00 Dr,3253.58 Cr,,,,,390.42 Cr,,,,,,,,,,,,,,,
,Plaeto Aspire School Shoes (Size 13 C) - Black,,,,1 Pr,660.71/Pr,660.71,,,,,,,,,,,,,,,,,,,,,,
,Plaeto Aspire School Shoes (Size 05 UK) - Black,,,,1 Pr,864.29/Pr,864.29,,,,,,,,,,,,,,,,,,,,,,
,Plaeto Aspire School Shoes (Size 06 UK) - Black,,,,1 Pr,864.29/Pr,864.29,,,,,,,,,,,,,,,,,,,,,,
,Plaeto Aspire School Shoes (Size 08 UK) - Black,,,,1 Pr,864.29/Pr,864.29,,,,,,,,,,,,,,,,,,,,,,
01-Sep-25,Gubbacci Apparel Pvt Ltd,PSB2526/INV-1036,PSB2526/INV-1036,Being Sale of Goods - Accounted,257 Pr,,175847.71,196949.00 Dr,175847.71 Cr,,0.45 Dr,,,,10550.87 Cr,10550.87 Cr,,,,,,,,,,,,,
,Nivia - Mesh Rubber Sole Shoes (Size 13 K) - Black,,,,28 Pr,654.46/Pr,18324.88,,,,,,,,,,,,,,,,,,,,,,
,Nivia - Mesh Rubber Sole Shoes (Size 01 UK) - Black,,,,20 Pr,654.46/Pr,13089.20,,,,,,,,,,,,,,,,,,,,,,
,Nivia - Mesh Rubber Sole Shoes (Size 06 UK) - Black,,,,25 Pr,691.07/Pr,17276.75,,,,,,,,,,,,,,,,,,,,,,
,Nivia - Mesh Rubber Sole Shoes (Size 07 UK) - Black,,,,20 Pr,691.07/Pr,13821.40,,,,,,,,,,,,,,,,,,,,,,
,Nivia - Mesh Rubber Sole Shoes (Size 08 UK) - Black,,,,30 Pr,691.07/Pr,20732.10,,,,,,,,,,,,,,,,,,,,,,
,Nivia - Mesh Rubber Sole Shoes (Size 09 UK) - Black,,,,50 Pr,691.07/Pr,34553.50,,,,,,,,,,,,,,,,,,,,,,
,Nivia - Mesh Rubber Sole Shoes (Size 10 UK) - Black,,,,50 Pr,691.07/Pr,34553.50,,,,,,,,,,,,,,,,,,,,,,
,Nivia - Mesh Rubber Sole Shoes (Size 11 UK) - Black,,,,23 Pr,691.07/Pr,15894.61,,,,,,,,,,,,,,,,,,,,,,
,Nivia - Mesh Rubber Sole Shoes (Size 12 UK) - Black,,,,11 Pr,691.07/Pr,7601.77,,,,,,,,,,,,,,,,,,,,,,
02-Sep-25,SAI ANUGRAHA TRADERS,PSB2526/INV-1037,PSB2526/INV-1037,Being Sale of Goods - Accounted,1 Pr,,900.00,1008.00 Dr,900.00 Cr,,,,,108.00 Cr,,,,,,,,,,,,,,,
,Plaeto Nova School Shoes (Size 11 C) - Black,,,,1 Pr,900.00/Pr,900.00,,,,,,,,,,,,,,,,,,,,,,
02-Sep-25,Radcliffe Education Pvt Ltd (M),PSB2526/INV-1038,PSB2526/INV-1038,Being Sale of Goods - Accounted,46 Pr,,36958.04,41393.00 Dr,36958.04 Cr,,,,,4434.96 Cr,,,,,,,,,,,,,,,
,Plaeto Aspire School Shoes (Size 07 C) - Black,,,,1 Pr,660.71/Pr,660.71,,,,,,,,,,,,,,,,,,,,,,
,Plaeto Aspire School Shoes (Size 11 C) - Black,,,,1 Pr,660.71/Pr,660.71,,,,,,,,,,,,,,,,,,,,,,
,Plaeto Aspire School Shoes (Size 12 C) - Black,,,,4 Pr,660.71/Pr,2642.84,,,,,,,,,,,,,,,,,,,,,,
,Plaeto Aspire School Shoes (Size 13 C) - Black,,,,4 Pr,660.71/Pr,2642.84,,,,,,,,,,,,,,,,,,,,,,
,Plaeto Aspire School Shoes (Size 01 UK) - Black,,,,7 Pr,813.39/Pr,5693.73,,,,,,,,,,,,,,,,,,,,,,
,Plaeto Aspire School Shoes (Size 02 UK) - Black,,,,3 Pr,813.39/Pr,2440.17,,,,,,,,,,,,,,,,,,,,,,
,Plaeto Aspire School Shoes (Size 03 UK) - Black,,,,3 Pr,813.39/Pr,2440.17,,,,,,,,,,,,,,,,,,,,,,
,Plaeto Aspire School Shoes (Size 04 UK) - Black,,,,2 Pr,813.39/Pr,1626.78,,,,,,,,,,,,,,,,,,,,,,
,Plaeto Aspire School Shoes (Size 05 UK) - Black,,,,6 Pr,864.29/Pr,5185.74,,,,,,,,,,,,,,,,,,,,,,
,Plaeto Aspire School Shoes (Size 06 UK) - Black,,,,5 Pr,864.29/Pr,4321.45,,,,,,,,,,,,,,,,,,,,,,
,Plaeto Aspire School Shoes (Size 07 UK) - Black,,,,8 Pr,864.29/Pr,6914.32,,,,,,,,,,,,,,,,,,,,,,
,Plaeto Aspire School Shoes (Size 08 UK) - Black,,,,1 Pr,864.29/Pr,864.29,,,,,,,,,,,,,,,,,,,,,,
,Plaeto Aspire School Shoes (Size 09 UK) - Black,,,,1 Pr,864.29/Pr,864.29,,,,,,,,,,,,,,,,,,,,,,
02-Sep-25,Radcliffe Education Pvt Ltd (M),PSB2526/INV-1039,PSB2526/INV-1039,Being Sale of Goods - Accounted,46 Pr,,34006.14,38087.00 Dr,34006.14 Cr,,0.11 Cr,,,4080.75 Cr,,,,,,,,,,,,,,,
,Plaeto Aspire School Shoes (Size 07 C) - Black,,,,6 Pr,660.71/Pr,3964.26,,,,,,,,,,,,,,,,,,,,,,
,Plaeto Aspire School Shoes (Size 08 C) - Black,,,,3 Pr,660.71/Pr,1982.13,,,,,,,,,,,,,,,,,,,,,,
,Plaeto Aspire School Shoes (Size 09 C) - Black,,,,1 Pr,660.71/Pr,660.71,,,,,,,,,,,,,,,,,,,,,,2762.00 Cr
,Plaeto Aspire School Shoes (Size 10 C) - Black,,,,1 Pr,660.71/Pr,660.71,,,,,,,,,,,,,,,,,,,,,,
,Plaeto Aspire School Shoes (Size 11 C) - Black,,,,1 Pr,660.71/Pr,660.71,,,,,,,,,,,,,,,,,,,,,,1247.00 Cr
,Plaeto Aspire School Shoes (Size 12 C) - Black,,,,3 Pr,660.71/Pr,1982.13,,,,,,,,,,,,,,,,,,,,,,4009.00 Cr
,Plaeto Aspire School Shoes (Size 13 C) - Black,,,,10 Pr,660.71/Pr,6607.10,,,,,,,,,,,,,,,,,,,,,,
,Plaeto Aspire School Shoes (Size 01 UK) - Black,,,,3 Pr,813.39/Pr,2440.17,,,,,,,,,,,,,,,,,,,,,,
,Plaeto Aspire School Shoes (Size 02 UK) - Black,,,,1 Pr,813.39/Pr,813.39,,,,,,,,,,,,,,,,,,,,,,
,Plaeto Aspire School Shoes (Size 03 UK) - Black,,,,3 Pr,813.39/Pr,2440.17,,,,,,,,,,,,,,,,,,,,,,
,Plaeto Aspire School Shoes (Size 04 UK) - Black,,,,6 Pr,813.39/Pr,4880.34,,,,,,,,,,,,,,,,,,,,,,
,Plaeto Aspire School Shoes (Size 06 UK) - Black,,,,4 Pr,864.29/Pr,3457.16,,,,,,,,,,,,,,,,,,,,,,
,Plaeto Aspire School Shoes (Size 07 UK) - Black,,,,2 Pr,864.29/Pr,1728.58,,,,,,,,,,,,,,,,,,,,,,
,Plaeto Aspire School Shoes (Size 08 UK) - Black,,,,1 Pr,864.29/Pr,864.29,,,,,,,,,,,,,,,,,,,,,,
,Plaeto Aspire School Shoes (Size 09 UK) - Black,,,,1 Pr,864.29/Pr,864.29,,,,,,,,,,,,,,,,,,,,,,
02-Sep-25,Radcliffe Education Pvt Ltd (M),PSB2526/INV-1040,PSB2526/INV-1040,Being Sale of Goods - Accounted,104 Pr,,81386.52,91153.00 Dr,81386.52 Cr,,0.11 Cr,,,9766.37 Cr,,,,,,,,,,,,,,,
,Plaeto Aspire School Shoes (Size 07 C) - Black,,,,4 Pr,660.71/Pr,2642.84,,,,,,,,,,,,,,,,,,,,,,
,Plaeto Aspire School Shoes (Size 08 C) - Black,,,,2 Pr,660.71/Pr,1321.42,,,,,,,,,,,,,,,,,,,,,,
,Plaeto Aspire School Shoes (Size 09 C) - Black,,,,4 Pr,660.71/Pr,2642.84,,,,,,,,,,,,,,,,,,,,,,
,Plaeto Aspire School Shoes (Size 10 C) - Black,,,,4 Pr,660.71/Pr,2642.84,,,,,,,,,,,,,,,,,,,,,,
,Plaeto Aspire School Shoes (Size 11 C) - Black,,,,4 Pr,660.71/Pr,2642.84,,,,,,,,,,,,,,,,,,,,,,
,Plaeto Aspire School Shoes (Size 12 C) - Black,,,,5 Pr,660.71/Pr,3303.55,,,,,,,,,,,,,,,,,,,,,,
,Plaeto Aspire School Shoes (Size 13 C) - Black,,,,10 Pr,660.71/Pr,6607.10,,,,,,,,,,,,,,,,,,,,,,
,Plaeto Aspire School Shoes (Size 01 UK) - Black,,,,7 Pr,813.39/Pr,5693.73,,,,,,,,,,,,,,,,,,,,,,
,Plaeto Aspire School Shoes (Size 02 UK) - Black,,,,9 Pr,813.39/Pr,7320.51,,,,,,,,,,,,,,,,,,,,,,
,Plaeto Aspire School Shoes (Size 03 UK) - Black,,,,13 Pr,813.39/Pr,10574.07,,,,,,,,,,,,,,,,,,,,,,
,Plaeto Aspire School Shoes (Size 04 UK) - Black,,,,6 Pr,813.39/Pr,4880.34,,,,,,,,,,,,,,,,,,,,,,
,Plaeto Aspire School Shoes (Size 05 UK) - Black,,,,10 Pr,864.29/Pr,8642.90,,,,,,,,,,,,,,,,,,,,,,
,Plaeto Aspire School Shoes (Size 06 UK) - Black,,,,9 Pr,864.29/Pr,7778.61,,,,,,,,,,,,,,,,,,,,,,
,Plaeto Aspire School Shoes (Size 07 UK) - Black,,,,7 Pr,864.29/Pr,6050.03,,,,,,,,,,,,,,,,,,,,,,
,Plaeto Aspire School Shoes (Size 08 UK) - Black,,,,4 Pr,864.29/Pr,3457.16,,,,,,,,,,,,,,,,,,,,,,
,Plaeto Aspire School Shoes (Size 09 UK) - Black,,,,4 Pr,864.29/Pr,3457.16,,,,,,,,,,,,,,,,,,,,,,
,Plaeto Aspire School Shoes (Size 10 UK) - Black,,,,1 Pr,864.29/Pr,864.29,,,,,,,,,,,,,,,,,,,,,,
,Plaeto Aspire School Shoes (Size 11 UK) - Black,,,,1 Pr,864.29/Pr,864.29,,,,,,,,,,,,,,,,,,,,,,
02-Sep-25,Radcliffe Education Pvt Ltd (M),PSB2526/INV-1041,PSB2526/INV-1041,Being Sale of Goods - Accounted,55 Pr,,41326.65,46286.00 Dr,41326.65 Cr,,0.15 Cr,,,4959.20 Cr,,,,,,,,,,,,,,,
,Plaeto Aspire School Shoes (Size 07 C) - Black,,,,3 Pr,660.71/Pr,1982.13,,,,,,,,,,,,,,,,,,,,,,
,Plaeto Aspire School Shoes (Size 10 C) - Black,,,,6 Pr,660.71/Pr,3964.26,,,,,,,,,,,,,,,,,,,,,,
,Plaeto Aspire School Shoes (Size 11 C) - Black,,,,9 Pr,660.71/Pr,5946.39,,,,,,,,,,,,,,,,,,,,,,
,Plaeto Aspire School Shoes (Size 12 C) - Black,,,,4 Pr,813.39/Pr,3253.56,,,,,,,,,,,,,,,,,,,,,,
,Plaeto Aspire School Shoes (Size 13 C) - Black,,,,7 Pr,660.71/Pr,4624.97,,,,,,,,,,,,,,,,,,,,,,
,Plaeto Aspire School Shoes (Size 01 UK) - Black,,,,8 Pr,813.39/Pr,6507.12,,,,,,,,,,,,,,,,,,,,,,
,Plaeto Aspire School Shoes (Size 02 UK) - Black,,,,4 Pr,813.39/Pr,3253.56,,,,,,,,,,,,,,,,,,,,,,
,Plaeto Aspire School Shoes (Size 03 UK) - Black,,,,3 Pr,813.39/Pr,2440.17,,,,,,,,,,,,,,,,,,,,,,
,Plaeto Aspire School Shoes (Size 04 UK) - Black,,,,3 Pr,813.39/Pr,2440.17,,,,,,,,,,,,,,,,,,,,,,
,Plaeto Aspire School Shoes (Size 05 UK) - Black,,,,4 Pr,864.29/Pr,3457.16,,,,,,,,,,,,,,,,,,,,,,
,Plaeto Aspire School Shoes (Size 06 UK) - Black,,,,2 Pr,864.29/Pr,1728.58,,,,,,,,,,,,,,,,,,,,,,
,Plaeto Aspire School Shoes (Size 07 UK) - Black,,,,1 Pr,864.29/Pr,864.29,,,,,,,,,,,,,,,,,,,,,,
,Plaeto Aspire School Shoes (Size 08 UK) - Black,,,,1 Pr,864.29/Pr,864.29,,,,,,,,,,,,,,,,,,,,,,
03-Sep-25,Sharanya Narayani International School,PSB2526/INV-1042,PSB2526/INV-1042,Being Sale of Goods - Accounted,2 Pr,,3049.16,3598.00 Dr,3049.16 Cr,,,274.42 Cr,274.42 Cr,,,,,,,,,,,,,,,,
,Reebok Prodigy Shoe (Size 10 US) - Black,,,,1 Pr,1524.58/Pr,1524.58,,,,,,,,,,,,,,,,,,,,,,
,Reebok Prodigy Shoe (Size 10 US) - White,,,,1 Pr,1524.58/Pr,1524.58,,,,,,,,,,,,,,,,,,,,,,
03-Sep-25,(cancelled ),PSB2526/INV-1043,PSB2526/INV-1043,Being Sale of Goods - Accounted,,,,,,,,,,,,,,,,,,,,,,,,,
03-Sep-25,Walk-King Shoe Company,PSB2526/INV-1044,PSB2526/INV-1044,Being Sale of Goods - Accounted,38 Pr,,42681.00,50364.00 Dr,42681.00 Cr,,0.42 Cr,,,,,,7682.58 Cr,,,,,,,,,,,,
,Reebok Prodigy Shoe (Size 09 C) - Black,,,,5 Pr,1107.00/Pr,5535.00,,,,,,,,,,,,,,,,,,,,,,
,Reebok Prodigy Shoe (Size 10 C) - Black,,,,6 Pr,1107.00/Pr,6642.00,,,,,,,,,,,,,,,,,,,,,,
,Reebok Prodigy Shoe (Size 11 C) - Black,,,,6 Pr,1107.00/Pr,6642.00,,,,,,,,,,,,,,,,,,,,,,
,Reebok Prodigy Shoe (Size 12 C) - Black,,,,6 Pr,1107.00/Pr,6642.00,,,,,,,,,,,,,,,,,,,,,,
,Reebok Prodigy Shoe (Size 13 C) - Black,,,,6 Pr,1107.00/Pr,6642.00,,,,,,,,,,,,,,,,,,,,,,
,Reebok Prodigy Shoe (Size 01 Y) - Black,,,,4 Pr,1107.00/Pr,4428.00,,,,,,,,,,,,,,,,,,,,,,
,Reebok Prodigy Shoe (Size 09 US) - Black,,,,3 Pr,1230.00/Pr,3690.00,,,,,,,,,,,,,,,,,,,,,,
,Reebok Prodigy Shoe (Size 13 US) - Black,,,,2 Pr,1230.00/Pr,2460.00,,,,,,,,,,,,,,,,,,,,,,
03-Sep-25,Walk-King Shoe Company,PSB2526/INV-1045,PSB2526/INV-1045,Being Sale of Goods - Accounted,3 Pr,,3444.00,4064.00 Dr,3444.00 Cr,,0.08 Cr,,,,,,619.92 Cr,,,,,,,,,,,,
,Reebok Prodigy Shoe (Size 02 Y) - Black,,,,2 Pr,1107.00/Pr,2214.00,,,,,,,,,,,,,,,,,,,,,,
,Reebok Prodigy Shoe (Size 07 US) - Black,,,,1 Pr,1230.00/Pr,1230.00,,,,,,,,,,,,,,,,,,,,,,
04-Sep-25,Sunshine Enterprises,PSB2526/INV-1046,PSB2526/INV-1046,Being Sale of Goods - Accounted,16 Pr,,21900.00,25842.00 Dr,21900.00 Cr,,,1971.00 Cr,1971.00 Cr,,,,,,,,,,,,,,,,
,Reebok Prodigy Shoe (Size 13 C) - Black,,,,2 Pr,1350.00/Pr,2700.00,,,,,,,,,,,,,,,,,,,,,,
,Reebok Prodigy Shoe (Size 01 Y) - Black,,,,3 Pr,1350.00/Pr,4050.00,,,,,,,,,,,,,,,,,,,,,,
,Reebok Prodigy Shoe (Size 03 Y) - Black,,,,3 Pr,1350.00/Pr,4050.00,,,,,,,,,,,,,,,,,,,,,,
,Reebok Prodigy Shoe (Size 04 Y) - Black,,,,2 Pr,1350.00/Pr,2700.00,,,,,,,,,,,,,,,,,,,,,,
,Reebok Prodigy Shoe (Size 05 Y) - Black,,,,1 Pr,1350.00/Pr,1350.00,,,,,,,,,,,,,,,,,,,,,,
,Reebok Prodigy Shoe (Size 06 Y) - Black,,,,3 Pr,1350.00/Pr,4050.00,,,,,,,,,,,,,,,,,,,,,,
,Reebok Prodigy Shoe (Size 07 US) - Black,,,,1 Pr,1500.00/Pr,1500.00,,,,,,,,,,,,,,,,,,,,,,
,Reebok Prodigy Shoe (Size 09 US) - Black,,,,1 Pr,1500.00/Pr,1500.00,,,,,,,,,,,,,,,,,,,,,,
04-Sep-25,Sunshine Enterprises,PSB2526/INV-1047,PSB2526/INV-1047,Being Sale of Goods - Accounted,1 Pr,,917.00,1027.00 Dr,917.00 Cr,,0.04 Dr,,,,55.02 Cr,55.02 Cr,,,,,,,,,,,,,
,Plaeto Aspire School Shoes (Size 06 UK) - Black,,,,1 Pr,917.00/Pr,917.00,,,,,,,,,,,,,,,,,,,,,,
04-Sep-25,S-Mart Departmental Store,PSB2526/INV-1048,PSB2526/INV-1048,Being Sale of Goods - Accounted,25 Pr,,28715.00,33619.00 Dr,28715.00 Cr,,0.20 Cr,,,529.80 Cr,,,4374.00 Cr,,,,,,,,,,,,
,Plaeto Aspire School Shoes (Size 07 UK) - Black,,,,5 Pr,883.00/Pr,4415.00,,,,,,,,,,,,,,,,,,,,,,
,Plaeto Nova School Shoes (Size 08 UK) - Black,,,,10 Pr,1215.00/Pr,12150.00,,,,,,,,,,,,,,,,,,,,,,
,Plaeto Nova School Shoes (Size 09 UK) - Black,,,,10 Pr,1215.00/Pr,12150.00,,,,,,,,,,,,,,,,,,,,,,
04-Sep-25,S-Mart Departmental Store,PSB2526/INV-1049,PSB2526/INV-1049,Being Sale of Goods - Accounted,80 Pr,,65960.00,73875.00 Dr,65960.00 Cr,,0.20 Dr,,,7915.20 Cr,,,,,,,,,,,,,,,
,Plaeto Aspire School Shoes (Size 12 C) - Black,,,,10 Pr,701.00/Pr,7010.00,,,,,,,,,,,,,,,,,,,,,,
,Plaeto Aspire School Shoes (Size 13 C) - Black,,,,10 Pr,701.00/Pr,7010.00,,,,,,,,,,,,,,,,,,,,,,
,Plaeto Aspire School Shoes (Size 02 UK) - Black,,,,10 Pr,831.00/Pr,8310.00,,,,,,,,,,,,,,,,,,,,,,
,Plaeto Aspire School Shoes (Size 04 UK) - Black,,,,10 Pr,831.00/Pr,8310.00,,,,,,,,,,,,,,,,,,,,,,
,Plaeto Aspire School Shoes (Size 05 UK) - Black,,,,20 Pr,883.00/Pr,17660.00,,,,,,,,,,,,,,,,,,,,,,
,Plaeto Aspire School Shoes (Size 06 UK) - Black,,,,20 Pr,883.00/Pr,17660.00,,,,,,,,,,,,,,,,,,,,,,
04-Sep-25,D S APPARELS,PSB2526/INV-1050,PSB2526/INV-1050,Being Sale of Goods - Accounted,3 Pr,,2729.46,3057.00 Dr,2729.46 Cr,,,,,,163.77 Cr,163.77 Cr,,,,,,,,,,,,,
,Plaeto Aspire School Shoes (Size 07 UK) - Black,,,,2 Pr,909.82/Pr,1819.64,,,,,,,,,,,,,,,,,,,,,,
,Plaeto Aspire School Shoes (Size 07 UK) - White,,,,1 Pr,909.82/Pr,909.82,,,,,,,,,,,,,,,,,,,,,,
04-Sep-25,HITESH CREATIONS (J P NAGAR),PSB2526/INV-1051,PSB2526/INV-1051,Being Sale of Goods - Accounted,1 Pr,,911.00,1140.00 Dr,911.00 Cr,,0.32 Dr,,,,61.09 Cr,61.09 Cr,,107.14 Cr,,,,,,,,,,,
,Plaeto Aspire School Shoes (Size 04 UK) - White,,,,1 Pr,911.00/Pr,911.00,,,,,,,,,,,,,,,,,,,,,,
06-Sep-25,Radcliffe Education Pvt Ltd (M),PSB2526/INV-1052,PSB2526/INV-1052,Being Sale of Goods - Accounted,2 Pr,,1677.68,1879.00 Dr,1677.68 Cr,,,,,201.32 Cr,,,,,,,,,,,,,,,
,Plaeto Aspire School Shoes (Size 03 UK) - Black,,,,1 Pr,813.39/Pr,813.39,,,,,,,,,,,,,,,,,,,,,,
,Plaeto Aspire School Shoes (Size 08 UK) - Black,,,,1 Pr,864.29/Pr,864.29,,,,,,,,,,,,,,,,,,,,,,
06-Sep-25,Radcliffe Education Pvt Ltd (M),PSB2526/INV-1053,PSB2526/INV-1053,Being Sale of Goods - Accounted,1 Pr,,813.39,911.00 Dr,813.39 Cr,,,,,97.61 Cr,,,,,,,,,,,,,,,
,Plaeto Aspire School Shoes (Size 04 UK) - Black,,,,1 Pr,813.39/Pr,813.39,,,,,,,,,,,,,,,,,,,,,,
06-Sep-25,Radcliffe Education Pvt Ltd (M),PSB2526/INV-1054,PSB2526/INV-1054,Being Sale of Goods - Accounted,2 Pr,,1474.10,1651.00 Dr,1474.10 Cr,,,,,176.90 Cr,,,,,,,,,,,,,,,
,Plaeto Aspire School Shoes (Size 13 C) - Black,,,,1 Pr,660.71/Pr,660.71,,,,,,,,,,,,,,,,,,,,,,
,Plaeto Aspire School Shoes (Size 02 UK) - Black,,,,1 Pr,813.39/Pr,813.39,,,,,,,,,,,,,,,,,,,,,,
06-Sep-25,Radcliffe Education Pvt Ltd (M),PSB2526/INV-1055,PSB2526/INV-1055,Being Sale of Goods - Accounted,3 Pr,,2592.87,2904.00 Dr,2592.87 Cr,,0.01 Dr,,,311.14 Cr,,,,,,,,,,,,,,,
,Plaeto Aspire School Shoes (Size 07 UK) - Black,,,,2 Pr,864.29/Pr,1728.58,,,,,,,,,,,,,,,,,,,,,,
,Plaeto Aspire School Shoes (Size 09 UK) - Black,,,,1 Pr,864.29/Pr,864.29,,,,,,,,,,,,,,,,,,,,,,
06-Sep-25,Radcliffe Education Pvt Ltd (M),PSB2526/INV-1056,PSB2526/INV-1056,Being Sale of Goods - Accounted,2 Pr,,1525.00,1708.00 Dr,1525.00 Cr,,,,,183.00 Cr,,,,,,,,,,,,,,,
,Plaeto Aspire School Shoes (Size 13 C) - Black,,,,1 Pr,660.71/Pr,660.71,,,,,,,,,,,,,,,,,,,,,,
,Plaeto Aspire School Shoes (Size 05 UK) - Black,,,,1 Pr,864.29/Pr,864.29,,,,,,,,,,,,,,,,,,,,,,
06-Sep-25,Radcliffe Education Pvt Ltd (M),PSB2526/INV-1057,PSB2526/INV-1057,Being Sale of Goods - Accounted,2 Pr,,1474.10,1651.00 Dr,1474.10 Cr,,,,,176.90 Cr,,,,,,,,,,,,,,,
,Plaeto Aspire School Shoes (Size 12 C) - Black,,,,1 Pr,813.39/Pr,813.39,,,,,,,,,,,,,,,,,,,,,,
,Plaeto Aspire School Shoes (Size 13 C) - Black,,,,1 Pr,660.71/Pr,660.71,,,,,,,,,,,,,,,,,,,,,,
06-Sep-25,Radcliffe Education Pvt Ltd (M),PSB2526/INV-1058,PSB2526/INV-1058,Being Sale of Goods - Accounted,5 Pr,,3965.17,4441.00 Dr,3965.17 Cr,,,,,475.83 Cr,,,,,,,,,,,,,,,
,Plaeto Aspire School Shoes (Size 12 C) - Black,,,,1 Pr,660.71/Pr,660.71,,,,,,,,,,,,,,,,,,,,,,
,Plaeto Aspire School Shoes (Size 01 UK) - Black,,,,1 Pr,813.39/Pr,813.39,,,,,,,,,,,,,,,,,,,,,,
,Plaeto Aspire School Shoes (Size 02 UK) - Black,,,,1 Pr,813.39/Pr,813.39,,,,,,,,,,,,,,,,,,,,,,
,Plaeto Aspire School Shoes (Size 04 UK) - Black,,,,1 Pr,813.39/Pr,813.39,,,,,,,,,,,,,,,,,,,,,,
,Plaeto Aspire School Shoes (Size 05 UK) - Black,,,,1 Pr,864.29/Pr,864.29,,,,,,,,,,,,,,,,,,,,,,
09-Sep-25,SAI ANUGRAHA TRADERS,PSB2526/INV-1059,PSB2526/INV-1059,Being Sale of Goods - Accounted,1 Pr,,900.00,1008.00 Dr,900.00 Cr,,,,,108.00 Cr,,,,,,,,,,,,,,,
,Plaeto Nova School Shoes (Size 11 C) - Black,,,,1 Pr,900.00/Pr,900.00,,,,,,,,,,,,,,,,,,,,,,
09-Sep-25,Walk-King Shoe Company,PSB2526/INV-1060,PSB2526/INV-1060,Being Sale of Goods - Accounted,41 Pr,,57564.00,67926.00 Dr,57564.00 Cr,,0.48 Cr,,,,,,10361.52 Cr,,,,,,,,,,,,
,Reebok Champion Shoe (Size 12 C) - Black,,,,2 Pr,1353.00/Pr,2706.00,,,,,,,,,,,,,,,,,,,,,,
,Reebok Champion Shoe (Size 13 C) - Black,,,,3 Pr,1353.00/Pr,4059.00,,,,,,,,,,,,,,,,,,,,,,
,Reebok Champion Shoe (Size 01 Y) - Black,,,,7 Pr,1353.00/Pr,9471.00,,,,,,,,,,,,,,,,,,,,,,
,Reebok Champion Shoe (Size 02 Y) - Black,,,,2 Pr,1353.00/Pr,2706.00,,,,,,,,,,,,,,,,,,,,,,
,Reebok Champion Shoe (Size 03 Y) - Black,,,,3 Pr,1353.00/Pr,4059.00,,,,,,,,,,,,,,,,,,,,,,
,Reebok Champion Shoe (Size 04 Y) - Black,,,,5 Pr,1353.00/Pr,6765.00,,,,,,,,,,,,,,,,,,,,,,
,Reebok Champion Shoe (Size 05 Y) - Black,,,,2 Pr,1353.00/Pr,2706.00,,,,,,,,,,,,,,,,,,,,,,
,Reebok Champion Shoe (Size 07 US) - Black,,,,8 Pr,1476.00/Pr,11808.00,,,,,,,,,,,,,,,,,,,,,,
,Reebok Champion Shoe (Size 08 US) - Black,,,,4 Pr,1476.00/Pr,5904.00,,,,,,,,,,,,,,,,,,,,,,
,Reebok Champion Shoe (Size 09 US) - Black,,,,4 Pr,1476.00/Pr,5904.00,,,,,,,,,,,,,,,,,,,,,,
,Reebok Champion Shoe (Size 13 US) - Black,,,,1 Pr,1476.00/Pr,1476.00,,,,,,,,,,,,,,,,,,,,,,
10-Sep-25,RAKHRA THE SPORTS HOUSE,PSB2526/INV-1061,PSB2526/INV-1061,Being Sale of Goods - Accounted,1 Pr,,999.00,1119.00 Dr,999.00 Cr,,0.12 Cr,,,,59.94 Cr,59.94 Cr,,,,,,,,,,,,,
,Plaeto Nova School Shoes (Size 11 C) - Black,,,,1 Pr,999.00/Pr,999.00,,,,,,,,,,,,,,,,,,,,,,
10-Sep-25,MICKEY AND MINNIE CLOTHING,PSB2526/INV-1062,PSB2526/INV-1062,Being Sale of Goods - Accounted,31 Pr,,40891.00,48251.00 Dr,40891.00 Cr,,0.38 Dr,3680.19 Cr,3680.19 Cr,,,,,,,,,,,,,,,,
,Plaeto Nova School Shoes (Size 01 UK) - Black,,,,5 Pr,1273.00/Pr,6365.00,,,,,,,,,,,,,,,,,,,,,,
,Plaeto Nova School Shoes (Size 02 UK) - Black,,,,5 Pr,1273.00/Pr,6365.00,,,,,,,,,,,,,,,,,,,,,,
,Plaeto Nova School Shoes (Size 03 UK) - Black,,,,5 Pr,1273.00/Pr,6365.00,,,,,,,,,,,,,,,,,,,,,,
,Plaeto Nova School Shoes (Size 05 UK) - Black,,,,5 Pr,1375.00/Pr,6875.00,,,,,,,,,,,,,,,,,,,,,,
,Plaeto Nova School Shoes (Size 06 UK) - Black,,,,5 Pr,1375.00/Pr,6875.00,,,,,,,,,,,,,,,,,,,,,,
,Plaeto Nova School Shoes (Size 01 UK) - White,,,,2 Pr,1273.00/Pr,2546.00,,,,,,,,,,,,,,,,,,,,,,
,Plaeto Nova School Shoes (Size 06 UK) - White,,,,2 Pr,1375.00/Pr,2750.00,,,,,,,,,,,,,,,,,,,,,,
,Plaeto Nova School Shoes (Size 07 UK) - White,,,,2 Pr,1375.00/Pr,2750.00,,,,,,,,,,,,,,,,,,,,,,
10-Sep-25,Radcliffe Education Pvt Ltd (M),PSB2526/INV-1063,PSB2526/INV-1063,Being Sale of Goods - Accounted,208 Pr,,161958.64,181394.00 Dr,161958.64 Cr,,0.35 Cr,,,19435.01 Cr,,,,,,,,,,,,,,,
,Plaeto Aspire School Shoes (Size 07 C) - Black,,,,6 Pr,660.71/Pr,3964.26,,,,,,,,,,,,,,,,,,,,,,
,Plaeto Aspire School Shoes (Size 08 C) - Black,,,,6 Pr,660.71/Pr,3964.26,,,,,,,,,,,,,,,,,,,,,,
,Plaeto Aspire School Shoes (Size 09 C) - Black,,,,10 Pr,660.71/Pr,6607.10,,,,,,,,,,,,,,,,,,,,,,
,Plaeto Aspire School Shoes (Size 10 C) - Black,,,,10 Pr,660.71/Pr,6607.10,,,,,,,,,,,,,,,,,,,,,,
,Plaeto Aspire School Shoes (Size 11 C) - Black,,,,10 Pr,660.71/Pr,6607.10,,,,,,,,,,,,,,,,,,,,,,
,Plaeto Aspire School Shoes (Size 12 C) - Black,,,,10 Pr,660.71/Pr,6607.10,,,,,,,,,,,,,,,,,,,,,,
,Plaeto Aspire School Shoes (Size 13 C) - Black,,,,14 Pr,660.71/Pr,9249.94,,,,,,,,,,,,,,,,,,,,,,
,Plaeto Aspire School Shoes (Size 01 UK) - Black,,,,31 Pr,813.39/Pr,25215.09,,,,,,,,,,,,,,,,,,,,,,
,Plaeto Aspire School Shoes (Size 02 UK) - Black,,,,30 Pr,813.39/Pr,24401.70,,,,,,,,,,,,,,,,,,,,,,
,Plaeto Aspire School Shoes (Size 03 UK) - Black,,,,17 Pr,813.39/Pr,13827.63,,,,,,,,,,,,,,,,,,,,,,
,Plaeto Aspire School Shoes (Size 04 UK) - Black,,,,8 Pr,813.39/Pr,6507.12,,,,,,,,,,,,,,,,,,,,,,
,Plaeto Aspire School Shoes (Size 05 UK) - Black,,,,16 Pr,864.29/Pr,13828.64,,,,,,,,,,,,,,,,,,,,,,
,Plaeto Aspire School Shoes (Size 06 UK) - Black,,,,16 Pr,864.29/Pr,13828.64,,,,,,,,,,,,,,,,,,,,,,
,Plaeto Aspire School Shoes (Size 07 UK) - Black,,,,10 Pr,864.29/Pr,8642.90,,,,,,,,,,,,,,,,,,,,,,
,Plaeto Aspire School Shoes (Size 08 UK) - Black,,,,11 Pr,864.29/Pr,9507.19,,,,,,,,,,,,,,,,,,,,,,
,Plaeto Aspire School Shoes (Size 09 UK) - Black,,,,1 Pr,864.29/Pr,864.29,,,,,,,,,,,,,,,,,,,,,,
,Plaeto Aspire School Shoes (Size 10 UK) - Black,,,,1 Pr,864.29/Pr,864.29,,,,,,,,,,,,,,,,,,,,,,
,Plaeto Aspire School Shoes (Size 12 UK) - Black,,,,1 Pr,864.29/Pr,864.29,,,,,,,,,,,,,,,,,,,,,,
11-Sep-25,SAI ANUGRAHA TRADERS,PSB2526/INV-1064,PSB2526/INV-1064,Being Sale of Goods - Accounted,2 Pr,,2250.00,2655.00 Dr,2250.00 Cr,,,,,,,,405.00 Cr,,,,,,,,,,,,
,Plaeto Nova School Shoes (Size 01 UK) - White,,,,2 Pr,1125.00/Pr,2250.00,,,,,,,,,,,,,,,,,,,,,,
11-Sep-25,Sharanya Narayani International School,PSB2526/INV-1065,PSB2526/INV-1065,Being Sale of Goods - Accounted,7 Pr,,10672.06,12593.00 Dr,10672.06 Cr,,,960.47 Cr,960.47 Cr,,,,,,,,,,,,,,,,
,Reebok Prodigy Shoe (Size 07 US) - Black,,,,1 Pr,1524.58/Pr,1524.58,,,,,,,,,,,,,,,,,,,,,,
,Reebok Prodigy Shoe (Size 11 US) - Black,,,,1 Pr,1524.58/Pr,1524.58,,,,,,,,,,,,,,,,,,,,,,
,Reebok Prodigy Shoe (Size 12 US) - Black,,,,2 Pr,1524.58/Pr,3049.16,,,,,,,,,,,,,,,,,,,,,,
,Reebok Prodigy Shoe (Size 07 US) - White,,,,1 Pr,1524.58/Pr,1524.58,,,,,,,,,,,,,,,,,,,,,,
,Reebok Prodigy Shoe (Size 11 US) - Black,,,,1 Pr,1524.58/Pr,1524.58,,,,,,,,,,,,,,,,,,,,,,
,Reebok Prodigy Shoe (Size 12 US) - White,,,,1 Pr,1524.58/Pr,1524.58,,,,,,,,,,,,,,,,,,,,,,
11-Sep-25,NYAS SERVICES,PSB2526/INV-1066,PSB2526/INV-1066,Being Sale of Goods - Accounted,4 Pr,,5555.94,6556.00 Dr,5555.94 Cr,,0.02 Dr,,,,,,1000.08 Cr,,,,,,,,,,,,
,Plaeto Nova School Shoes (Size 01 UK) - Black,,,,1 Pr,1338.14/Pr,1338.14,,,,,,,,,,,,,,,,,,,,,,
,Plaeto Nova School Shoes (Size 02 UK) - Black,,,,1 Pr,1338.14/Pr,1338.14,,,,,,,,,,,,,,,,,,,,,,
,Plaeto Nova School Shoes (Size 07 UK) - Black,,,,1 Pr,1439.83/Pr,1439.83,,,,,,,,,,,,,,,,,,,,,,
,Plaeto Nova School Shoes (Size 09 UK) - Black,,,,1 Pr,1439.83/Pr,1439.83,,,,,,,,,,,,,,,,,,,,,,
11-Sep-25,SAI ANUGRAHA TRADERS,PSB2526/INV-1067,PSB2526/INV-1067,Being Sale of Goods - Accounted,9 Pr,,10755.00,12691.00 Dr,10755.00 Cr,,0.10 Cr,,,,,,1935.90 Cr,,,,,,,,,,,,
,Plaeto Nova School Shoes (Size 01 UK) - Black,,,,2 Pr,1125.00/Pr,2250.00,,,,,,,,,,,,,,,,,,,,,,
,Plaeto Nova School Shoes (Size 07 UK) - Black,,,,5 Pr,1215.00/Pr,6075.00,,,,,,,,,,,,,,,,,,,,,,
,Plaeto Nova School Shoes (Size 10 UK) - Black,,,,2 Pr,1215.00/Pr,2430.00,,,,,,,,,,,,,,,,,,,,,,
12-Sep-25,Walk-King Shoe Company,PSB2526/INV-1068,PSB2526/INV-1068,Being Sale of Goods - Accounted,2 Pr,,2829.00,3338.00 Dr,2829.00 Cr,,0.22 Dr,,,,,,509.22 Cr,,,,,,,,,,,,
,Reebok Champion Shoe (Size 13 C) - Black,,,,1 Pr,1353.00/Pr,1353.00,,,,,,,,,,,,,,,,,,,,,,
,Reebok Champion Shoe (Size 08 US) - Black,,,,1 Pr,1476.00/Pr,1476.00,,,,,,,,,,,,,,,,,,,,,,
12-Sep-25,"DAC'S INC .,",PSB2526/INV-1069,PSB2526/INV-1069,Being Sale of Goods - Accounted,85 Pr,,17850.00,18743.00 Dr,17850.00 Cr,,0.50 Cr,,,,,,,,446.25 Cr,446.25 Cr,,,,,,,,,
,Sri Vani Navy Blue Crew Length Socks (P/3) - S,,,,35 Pr,210.00/Pr,7350.00,,,,,,,,,,,,,,,,,,,,,,
,Sri Vani Navy Blue Crew Length Socks (P/3) - M,,,,50 Pr,210.00/Pr,10500.00,,,,,,,,,,,,,,,,,,,,,,
13-Sep-25,SAI ANUGRAHA TRADERS,PSB2526/INV-1070,PSB2526/INV-1070,Being Sale of Goods - Accounted,4 Pr,,3600.00,4032.00 Dr,3600.00 Cr,,,,,432.00 Cr,,,,,,,,,,,,,,,
,Plaeto Nova School Shoes (Size 11 C) - Black,,,,4 Pr,900.00/Pr,3600.00,,,,,,,,,,,,,,,,,,,,,,
13-Sep-25,Edunovel Solutions Pvt Ltd,PSB2526/INV-1071,PSB2526/INV-1071,Being Sale of Goods - Accounted,16 Pr,,22282.99,26294.00 Dr,22282.99 Cr,,0.05 Cr,2005.48 Cr,2005.48 Cr,,,,,,,,,,,,,,,,
,Plaeto Nova School Shoes (Size 01 UK) - Black,,,,2 Pr,1372.03/Pr,2744.06,,,,,,,,,,,,,,,,,,,,,,
,Plaeto Nova School Shoes (Size 02 UK) - Black,,,,3 Pr,1372.03/Pr,4116.09,,,,,,,,,,,,,,,,,,,,,,
,Plaeto Nova School Shoes (Size 03 UK) - Black,,,,7 Pr,1372.03/Pr,9604.21,,,,,,,,,,,,,,,,,,,,,,
,Plaeto Nova School Shoes (Size 04 UK) - Black,,,,1 Pr,1372.03/Pr,1372.03,,,,,,,,,,,,,,,,,,,,,,
,Plaeto Nova School Shoes (Size 06 UK) - Black,,,,1 Pr,1482.20/Pr,1482.20,,,,,,,,,,,,,,,,,,,,,,
,Plaeto Nova School Shoes (Size 07 UK) - Black,,,,1 Pr,1482.20/Pr,1482.20,,,,,,,,,,,,,,,,,,,,,,
,Plaeto Nova School Shoes (Size 08 UK) - Black,,,,1 Pr,1482.20/Pr,1482.20,,,,,,,,,,,,,,,,,,,,,,
15-Sep-25,Walk-King Shoe Company,PSB2526/INV-1072,PSB2526/INV-1072,Being Sale of Goods - Accounted,6 Pr,,8856.00,10450.00 Dr,8856.00 Cr,,0.08 Dr,,,,,,1594.08 Cr,,,,,,,,,,,,
,Reebok Champion Shoe (Size 10 US) - Black,,,,2 Pr,1476.00/Pr,2952.00,,,,,,,,,,,,,,,,,,,,,,
,Reebok Champion Shoe (Size 12 US) - Black,,,,4 Pr,1476.00/Pr,5904.00,,,,,,,,,,,,,,,,,,,,,,
16-Sep-25,Scholar Clothing Co.,PSB2526/INV-1073,PSB2526/INV-1073,Being Sale of Goods - Accounted,1 Pr,,1296.00,1529.00 Dr,1296.00 Cr,,0.28 Dr,116.64 Cr,116.64 Cr,,,,,,,,,,,,,,,,
,Reebok Prodigy Shoe (Size 05 Y) - Black,,,,1 Pr,1296.00/Pr,1296.00,,,,,,,,,,,,,,,,,,,,,,
16-Sep-25,Unipro (S),PSB2526/INV-1074,PSB2526/INV-1074,Being Sale of Goods - Accounted,4 Pr,,4860.00,5735.00 Dr,4860.00 Cr,,0.20 Cr,437.40 Cr,437.40 Cr,,,,,,,,,,,,,,,,
,Reebok Prodigy Shoe (Size 04 Y) - Black,,,,4 Pr,1215.00/Pr,4860.00,,,,,,,,,,,,,,,,,,,,,,
16-Sep-25,Radcliffe Education Pvt Ltd (M),PSB2526/INV-1075,PSB2526/INV-1075,Being Sale of Goods - Accounted,19 Pr,,12553.49,14060.00 Dr,12553.49 Cr,,0.09 Cr,,,1506.42 Cr,,,,,,,,,,,,,,,
,Plaeto Aspire School Shoes (Size 13 C) - Black,,,,19 Pr,660.71/Pr,12553.49,,,,,,,,,,,,,,,,,,,,,,
17-Sep-25,GoScholar,PSB2526/INV-1076,PSB2526/INV-1076,Being Sale of Goods - Accounted,13 Pr,,15743.00,18519.00 Dr,15743.00 Cr,,0.20 Dr,,,115.08 Cr,,,2661.12 Cr,,,,,,,,,,,,
,Plaeto Nova School Shoes (Size 13 C) - Black,,,,1 Pr,959.00/Pr,959.00,,,,,,,,,,,,,,,,,,,,,,
,Plaeto Nova School Shoes (Size 01 UK) - Black,,,,3 Pr,1200.00/Pr,3600.00,,,,,,,,,,,,,,,,,,,,,,
,Plaeto Nova School Shoes (Size 02 UK) - Black,,,,4 Pr,1200.00/Pr,4800.00,,,,,,,,,,,,,,,,,,,,,,
,Plaeto Nova School Shoes (Size 04 UK) - Black,,,,1 Pr,1200.00/Pr,1200.00,,,,,,,,,,,,,,,,,,,,,,
,Plaeto Nova School Shoes (Size 05 UK) - Black,,,,1 Pr,1296.00/Pr,1296.00,,,,,,,,,,,,,,,,,,,,,,
,Plaeto Nova School Shoes (Size 08 UK) - Black,,,,2 Pr,1296.00/Pr,2592.00,,,,,,,,,,,,,,,,,,,,,,
,Plaeto Nova School Shoes (Size 09 UK) - Black,,,,1 Pr,1296.00/Pr,1296.00,,,,,,,,,,,,,,,,,,,,,,
17-Sep-25,GoScholar,PSB2526/INV-1077,PSB2526/INV-1077,Being Sale of Goods - Accounted,2 Pr,,1794.00,2009.00 Dr,1794.00 Cr,,0.28 Dr,,,215.28 Cr,,,,,,,,,,,,,,,
,Plaeto Aspire School Shoes (Size 06 UK) - Black,,,,1 Pr,897.00/Pr,897.00,,,,,,,,,,,,,,,,,,,,,,
,Plaeto Aspire School Shoes (Size 10 UK) - Black,,,,1 Pr,897.00/Pr,897.00,,,,,,,,,,,,,,,,,,,,,,
17-Sep-25,"Miners Pocket Books Pvt Ltd.,",PSB2526/INV-1078,PSB2526/INV-1078,Being Sale of Goods - Accounted,30 Pr,,6089.30,8020.00 Dr,6089.30 Cr,,0.02 Dr,,,859.29 Cr,,,,,,,1071.43 Cr,,,,,,,,
,Paragon Sandals (Size 8 K),,,,5 Pr,193.75/Pr,968.75,,,,,,,,,,,,,,,,,,,,,,
,Paragon Sandals (Size 9 K),,,,5 Pr,193.75/Pr,968.75,,,,,,,,,,,,,,,,,,,,,,
,Paragon Sandals (Size 10 K),,,,5 Pr,193.75/Pr,968.75,,,,,,,,,,,,,,,,,,,,,,
,Paragon Sandals (Size 11 K),,,,5 Pr,193.75/Pr,968.75,,,,,,,,,,,,,,,,,,,,,,
,Paragon Sandals (Size 12 K),,,,5 Pr,221.43/Pr,1107.15,,,,,,,,,,,,,,,,,,,,,,
,Paragon Sandals (Size 13 K),,,,5 Pr,221.43/Pr,1107.15,,,,,,,,,,,,,,,,,,,,,,
17-Sep-25,"Miners Pocket Books Pvt Ltd.,",PSB2526/INV-1079,PSB2526/INV-1079,Being Sale of Goods - Accounted,47 Pr,,9521.45,11264.00 Dr,9521.45 Cr,,0.02 Dr,,,1206.86 Cr,,,,,,,535.71 Cr,,,,,,,,
,Paragon Sandals (Size 8 K),,,,6 Pr,193.75/Pr,1162.50,,,,,,,,,,,,,,,,,,,,,,
,Paragon Sandals (Size 9 K),,,,6 Pr,193.75/Pr,1162.50,,,,,,,,,,,,,,,,,,,,,,
,Paragon Sandals (Size 10 K),,,,10 Pr,193.75/Pr,1937.50,,,,,,,,,,,,,,,,,,,,,,
,Paragon Sandals (Size 11 K),,,,10 Pr,193.75/Pr,1937.50,,,,,,,,,,,,,,,,,,,,,,
,Paragon Sandals (Size 12 K),,,,7 Pr,221.43/Pr,1550.01,,,,,,,,,,,,,,,,,,,,,,
,Paragon Sandals (Size 13 K),,,,8 Pr,221.43/Pr,1771.44,,,,,,,,,,,,,,,,,,,,,,
17-Sep-25,"Miners Pocket Books Pvt Ltd.,",PSB2526/INV-1080,PSB2526/INV-1080,Being Sale of Goods - Accounted,30 Pr,,6089.30,7420.00 Dr,6089.30 Cr,,0.02 Dr,,,795.01 Cr,,,,,,,535.71 Cr,,,,,,,,
,Paragon Sandals (Size 8 K),,,,5 Pr,193.75/Pr,968.75,,,,,,,,,,,,,,,,,,,,,,
,Paragon Sandals (Size 9 K),,,,5 Pr,193.75/Pr,968.75,,,,,,,,,,,,,,,,,,,,,,
,Paragon Sandals (Size 10 K),,,,5 Pr,193.75/Pr,968.75,,,,,,,,,,,,,,,,,,,,,,
,Paragon Sandals (Size 11 K),,,,5 Pr,193.75/Pr,968.75,,,,,,,,,,,,,,,,,,,,,,
,Paragon Sandals (Size 12 K),,,,5 Pr,221.43/Pr,1107.15,,,,,,,,,,,,,,,,,,,,,,
,Paragon Sandals (Size 13 K),,,,5 Pr,221.43/Pr,1107.15,,,,,,,,,,,,,,,,,,,,,,
17-Sep-25,"Miners Pocket Books Pvt Ltd.,",PSB2526/INV-1081,PSB2526/INV-1081,Being Sale of Goods - Accounted,30 Pr,,6089.30,7420.00 Dr,6089.30 Cr,,0.01 Cr,,,794.98 Cr,,,,,,,,535.71 Cr,,,,,,,
,Paragon Sandals (Size 8 K),,,,5 Pr,193.75/Pr,968.75,,,,,,,,,,,,,,,,,,,,,,
,Paragon Sandals (Size 9 K),,,,5 Pr,193.75/Pr,968.75,,,,,,,,,,,,,,,,,,,,,,
,Paragon Sandals (Size 10 K),,,,5 Pr,193.75/Pr,968.75,,,,,,,,,,,,,,,,,,,,,,
,Paragon Sandals (Size 11 K),,,,5 Pr,193.75/Pr,968.75,,,,,,,,,,,,,,,,,,,,,,
,Paragon Sandals (Size 12 K),,,,5 Pr,221.43/Pr,1107.15,,,,,,,,,,,,,,,,,,,,,,
,Paragon Sandals (Size 13 K),,,,5 Pr,221.43/Pr,1107.15,,,,,,,,,,,,,,,,,,,,,,
18-Sep-25,Radcliffe Education Pvt Ltd (M),PSB2526/INV-1082,PSB2526/INV-1082,Being return of Goods - Accounted.,8 Pr,,6558.04,7345.00 Dr,6558.04 Cr,,0.01 Cr,,,786.95 Cr,,,,,,,,,,,,,,,
,Plaeto Aspire School Shoes (Size 13 C) - Black,,,,1 Pr,660.71/Pr,660.71,,,,,,,,,,,,,,,,,,,,,,
,Plaeto Aspire School Shoes (Size 01 UK) - Black,,,,2 Pr,813.39/Pr,1626.78,,,,,,,,,,,,,,,,,,,,,,
,Plaeto Aspire School Shoes (Size 04 UK) - Black,,,,1 Pr,813.39/Pr,813.39,,,,,,,,,,,,,,,,,,,,,,
,Plaeto Aspire School Shoes (Size 05 UK) - Black,,,,1 Pr,864.29/Pr,864.29,,,,,,,,,,,,,,,,,,,,,,
,Plaeto Aspire School Shoes (Size 06 UK) - Black,,,,1 Pr,864.29/Pr,864.29,,,,,,,,,,,,,,,,,,,,,,
,Plaeto Aspire School Shoes (Size 07 UK) - Black,,,,1 Pr,864.29/Pr,864.29,,,,,,,,,,,,,,,,,,,,,,
,Plaeto Aspire School Shoes (Size 09 UK) - Black,,,,1 Pr,864.29/Pr,864.29,,,,,,,,,,,,,,,,,,,,,,
19-Sep-25,Walk-King Shoe Company,PSB2526/INV-1083,PSB2526/INV-1083,Being Sale of Goods - Accounted,2 Pr,,2829.00,3338.00 Dr,2829.00 Cr,,0.22 Dr,,,,,,509.22 Cr,,,,,,,,,,,,
,Reebok Champion Shoe (Size 13 C) - Black,,,,1 Pr,1353.00/Pr,1353.00,,,,,,,,,,,,,,,,,,,,,,
,Reebok Champion Shoe (Size 08 US) - Black,,,,1 Pr,1476.00/Pr,1476.00,,,,,,,,,,,,,,,,,,,,,,
19-Sep-25,Walk-King Shoe Company,PSB2526/INV-1084,PSB2526/INV-1084,Being Sale of Goods - Accounted,2 Pr,,2829.00,3338.00 Dr,2829.00 Cr,,0.22 Dr,,,,,,509.22 Cr,,,,,,,,,,,,
,Reebok Champion Shoe (Size 02 Y) - Black,,,,1 Pr,1353.00/Pr,1353.00,,,,,,,,,,,,,,,,,,,,,,
,Reebok Champion Shoe (Size 08 US) - Black,,,,1 Pr,1476.00/Pr,1476.00,,,,,,,,,,,,,,,,,,,,,,
19-Sep-25,Radcliffe Education Pvt Ltd (M),PSB2526/INV-1085,PSB2526/INV-1085,Being Sale of Goods - Accounted,1 Pr,,660.71,740.00 Dr,660.71 Cr,,,,,79.29 Cr,,,,,,,,,,,,,,,
,Plaeto Aspire School Shoes (Size 11 C) - Black,,,,1 Pr,660.71/Pr,660.71,,,,,,,,,,,,,,,,,,,,,,
20-Sep-25,Walk-King Shoe Company,PSB2526/INV-1086,PSB2526/INV-1086,Being Sale of Goods - Accounted,5 Pr,,7380.00,8708.00 Dr,7380.00 Cr,,0.40 Dr,,,,,,1328.40 Cr,,,,,,,,,,,,
,Reebok Champion Shoe (Size 10 US) - Black,,,,3 Pr,1476.00/Pr,4428.00,,,,,,,,,,,,,,,,,,,,,,
,Reebok Champion Shoe (Size 12 US) - Black,,,,2 Pr,1476.00/Pr,2952.00,,,,,,,,,,,,,,,,,,,,,,
22-Sep-25,SAI ANUGRAHA TRADERS,PSB2526/INV-1087,PSB2526/INV-1087,Being Sale of Goods - Accounted,12 Pr,,10800.00,11340.00 Dr,10800.00 Cr,540.00 Cr,,,,,,,,,,,,,,,,,,,
,Plaeto Nova School Shoes (Size 09C) - Black,,,,2 Pr,900.00/Pr,1800.00,,,,,,,,,,,,,,,,,,,,,,
,Plaeto Nova School Shoes (Size 10 C) - Black,,,,5 Pr,900.00/Pr,4500.00,,,,,,,,,,,,,,,,,,,,,,
,Plaeto Nova School Shoes (Size 11 C) - Black,,,,5 Pr,900.00/Pr,4500.00,,,,,,,,,,,,,,,,,,,,,,
22-Sep-25,SAI ANUGRAHA TRADERS,PSB2526/INV-1088,PSB2526/INV-1088,Being Sale of Goods - Accounted,1 Pr,,1215.00,1276.00 Dr,1215.00 Cr,60.75 Cr,0.25 Cr,,,,,,,,,,,,,,,,,,
,Plaeto Nova School Shoes (Size 09 UK) - Black,,,,1 Pr,1215.00/Pr,1215.00,,,,,,,,,,,,,,,,,,,,,,
22-Sep-25,Nspira Management Services Pvt. Ltd (B),PSB2526/INV-1089,PSB2526/INV-1089,Being Sale of Goods - Accounted,21 Pr,,35005.64,36756.00 Dr,35005.64 Cr,,0.08 Cr,,,,,,,,875.14 Cr,875.14 Cr,,,,,,,,,
,Reebok Prodigy Shoe - Black,,,,1 Pr,1615.24/Pr,1615.24,,,,,,,,,,,,,,,,,,,,,,
,Reebok Prodigy Shoe - Black,,,,20 Pr,1669.52/Pr,33390.40,,,,,,,,,,,,,,,,,,,,,,
22-Sep-25,Nspira Management Services Pvt. Ltd (B),PSB2526/INV-1090,PSB2526/INV-1090,Being Sale of Goods - Accounted,23 Pr,,38127.56,40034.00 Dr,38127.56 Cr,,0.06 Cr,,,,,,,,953.19 Cr,953.19 Cr,,,,,,,,,
,Reebok Prodigy Shoe - Black,,,,5 Pr,1615.24/Pr,8076.20,,,,,,,,,,,,,,,,,,,,,,
,Reebok Prodigy Shoe - Black,,,,18 Pr,1669.52/Pr,30051.36,,,,,,,,,,,,,,,,,,,,,,
22-Sep-25,Nspira Management Services Pvt. Ltd (B),PSB2526/INV-1091,PSB2526/INV-1091,Being Sale of Goods - Accounted,27 Pr,,44479.96,46704.00 Dr,44479.96 Cr,,0.04 Cr,,,,,,,,1112.00 Cr,1112.00 Cr,,,,,,,,,
,Reebok Prodigy Shoe - Black,,,,11 Pr,1615.24/Pr,17767.64,,,,,,,,,,,,,,,,,,,,,,
,Reebok Prodigy Shoe - Black,,,,16 Pr,1669.52/Pr,26712.32,,,,,,,,,,,,,,,,,,,,,,
22-Sep-25,Nspira Management Services Pvt. Ltd (B),PSB2526/INV-1092,PSB2526/INV-1092,Being Sale of Goods - Accounted,20 Pr,,33227.56,34889.00 Dr,33227.56 Cr,,0.06 Cr,,,,,,,,830.69 Cr,830.69 Cr,,,,,,,,,
,Reebok Prodigy Shoe - Black,,,,3 Pr,1615.24/Pr,4845.72,,,,,,,,,,,,,,,,,,,,,,
,Reebok Prodigy Shoe - Black,,,,17 Pr,1669.52/Pr,28381.84,,,,,,,,,,,,,,,,,,,,,,
22-Sep-25,Nspira Management Services Pvt. Ltd (B),PSB2526/INV-1093,PSB2526/INV-1093,Being Sale of Goods - Accounted,6 Pr,,10017.12,10518.00 Dr,10017.12 Cr,,0.02 Cr,,,,,,,,250.43 Cr,250.43 Cr,,,,,,,,,
,Reebok Prodigy Shoe - Black,,,,6 Pr,1669.52/Pr,10017.12,,,,,,,,,,,,,,,,,,,,,,
22-Sep-25,Nspira Management Services Pvt. Ltd (B),PSB2526/INV-1094,PSB2526/INV-1094,Being Sale of Goods - Accounted,23 Pr,,38127.56,40034.00 Dr,38127.56 Cr,,0.06 Cr,,,,,,,,953.19 Cr,953.19 Cr,,,,,,,,,
,Reebok Prodigy Shoe - Black,,,,5 Pr,1615.24/Pr,8076.20,,,,,,,,,,,,,,,,,,,,,,
,Reebok Prodigy Shoe - Black,,,,18 Pr,1669.52/Pr,30051.36,,,,,,,,,,,,,,,,,,,,,,
22-Sep-25,Nspira Management Services Pvt. Ltd (B),PSB2526/INV-1095,PSB2526/INV-1095,Being Sale of Goods - Accounted,8 Pr,,13356.16,14024.00 Dr,13356.16 Cr,,0.04 Cr,,,,,,,,333.90 Cr,333.90 Cr,,,,,,,,,
,Reebok Prodigy Shoe - Black,,,,8 Pr,1669.52/Pr,13356.16,,,,,,,,,,,,,,,,,,,,,,
22-Sep-25,Nspira Management Services Pvt. Ltd (B),PSB2526/INV-1096,PSB2526/INV-1096,Being Sale of Goods - Accounted,31 Pr,,51375.16,53944.00 Dr,51375.16 Cr,,0.08 Cr,,,,,,,,1284.38 Cr,1284.38 Cr,,,,,,,,,
,Reebok Prodigy Shoe - Black,,,,7 Pr,1615.24/Pr,11306.68,,,,,,,,,,,,,,,,,,,,,,
,Reebok Prodigy Shoe - Black,,,,24 Pr,1669.52/Pr,40068.48,,,,,,,,,,,,,,,,,,,,,,
22-Sep-25,Nspira Management Services Pvt. Ltd (B),PSB2526/INV-1097,PSB2526/INV-1097,Being Sale of Goods - Accounted,1 Pr,,1615.24,1696.00 Dr,1615.24 Cr,,,,,,,,,,40.38 Cr,40.38 Cr,,,,,,,,,
,Reebok Prodigy Shoe - Black,,,,1 Pr,1615.24/Pr,1615.24,,,,,,,,,,,,,,,,,,,,,,
22-Sep-25,Nspira Management Services Pvt. Ltd (B),PSB2526/INV-1098,PSB2526/INV-1098,Being Sale of Goods - Accounted,6 Pr,,9908.56,10404.00 Dr,9908.56 Cr,,0.02 Cr,,,,,,,,247.71 Cr,247.71 Cr,,,,,,,,,
,Reebok Prodigy Shoe - Black,,,,2 Pr,1615.24/Pr,3230.48,,,,,,,,,,,,,,,,,,,,,,
,Reebok Prodigy Shoe - Black,,,,4 Pr,1669.52/Pr,6678.08,,,,,,,,,,,,,,,,,,,,,,
22-Sep-25,Nspira Management Services Pvt. Ltd (B),PSB2526/INV-1099,PSB2526/INV-1099,Being Sale of Goods - Accounted,9 Pr,,14917.12,15663.00 Dr,14917.12 Cr,,0.02 Cr,,,,,,,,372.93 Cr,372.93 Cr,,,,,,,,,
,Reebok Prodigy Shoe - Black,,,,2 Pr,1615.24/Pr,3230.48,,,,,,,,,,,,,,,,,,,,,,
,Reebok Prodigy Shoe - Black,,,,7 Pr,1669.52/Pr,11686.64,,,,,,,,,,,,,,,,,,,,,,
22-Sep-25,Nspira Management Services Pvt. Ltd (B),PSB2526/INV-1100,PSB2526/INV-1100,Being Sale of Goods - Accounted,1 Pr,,1615.24,1696.00 Dr,1615.24 Cr,,,,,,,,,,40.38 Cr,40.38 Cr,,,,,,,,,
,Reebok Prodigy Shoe - Black,,,,1 Pr,1615.24/Pr,1615.24,,,,,,,,,,,,,,,,,,,,,,
22-Sep-25,Nspira Management Services Pvt. Ltd (B),PSB2526/INV-1101,PSB2526/INV-1101,Being Sale of Goods - Accounted,1 Pr,,1669.52,1753.00 Dr,1669.52 Cr,,,,,,,,,,41.74 Cr,41.74 Cr,,,,,,,,,
,Reebok Prodigy Shoe - Black,,,,1 Pr,1669.52/Pr,1669.52,,,,,,,,,,,,,,,,,,,,,,
22-Sep-25,Nspira Management Services Pvt. Ltd (B),PSB2526/INV-1102,PSB2526/INV-1102,Being Sale of Goods - Accounted,2 Pr,,3230.48,3392.00 Dr,3230.48 Cr,,,,,,,,,,80.76 Cr,80.76 Cr,,,,,,,,,
,Reebok Prodigy Shoe - Black,,,,2 Pr,1615.24/Pr,3230.48,,,,,,,,,,,,,,,,,,,,,,
22-Sep-25,Nspira Management Services Pvt. Ltd (B),PSB2526/INV-1103,PSB2526/INV-1103,Being Sale of Goods - Accounted,2 Pr,,3339.04,3506.00 Dr,3339.04 Cr,,,,,,,,,,83.48 Cr,83.48 Cr,,,,,,,,,
,Reebok Prodigy Shoe - Black,,,,2 Pr,1669.52/Pr,3339.04,,,,,,,,,,,,,,,,,,,,,,
22-Sep-25,Nspira Management Services Pvt. Ltd (B),PSB2526/INV-1104,PSB2526/INV-1104,Being Sale of Goods - Accounted,1 Pr,,1615.24,1696.00 Dr,1615.24 Cr,,,,,,,,,,40.38 Cr,40.38 Cr,,,,,,,,,
,Reebok Prodigy Shoe - Black,,,,1 Pr,1615.24/Pr,1615.24,,,,,,,,,,,,,,,,,,,,,,
22-Sep-25,"Lighthouse Learning Pvt Ltd.,",PSB2526/INV-1105,PSB2526/INV-1105,Being Sale of Goods - Accounted,3729 Pr,,5092242.98,5346855.00 Dr,5092242.98 Cr,254612.15 Cr,0.13 Dr,,,,,,,,,,,,,,,,,,
,Plaeto Nova School Shoes (Size 08 C) - Grey / Blue,,,,11 Pr,1054.93/Pr,11604.23,,,,,,,,,,,,,,,,,,,,,,
,Plaeto Nova School Shoes (Size 09 C) - Grey / Blue,,,,4 Pr,1054.93/Pr,4219.72,,,,,,,,,,,,,,,,,,,,,,
,Plaeto Nova School Shoes (Size 10 C) - Grey / Blue,,,,45 Pr,1054.93/Pr,47471.85,,,,,,,,,,,,,,,,,,,,,,
,Plaeto Nova School Shoes (Size 11 C) - Grey / Blue,,,,51 Pr,1054.93/Pr,53801.43,,,,,,,,,,,,,,,,,,,,,,
,Plaeto Nova School Shoes (Size 12 C) - Grey / Blue,,,,88 Pr,1054.93/Pr,92833.84,,,,,,,,,,,,,,,,,,,,,,
,Plaeto Nova School Shoes (Size 13 C) - Grey / Blue,,,,55 Pr,1054.93/Pr,58021.15,,,,,,,,,,,,,,,,,,,,,,
,Plaeto Nova School Shoes (Size 01 UK) - Grey / Blue,,,,728 Pr,1338.90/Pr,974719.20,,,,,,,,,,,,,,,,,,,,,,
,Plaeto Nova School Shoes (Size 02 UK) - Grey / Blue,,,,418 Pr,1338.90/Pr,559660.20,,,,,,,,,,,,,,,,,,,,,,
,Plaeto Nova School Shoes (Size 03 UK) - Grey / Blue,,,,382 Pr,1338.90/Pr,511459.80,,,,,,,,,,,,,,,,,,,,,,
,Plaeto Nova School Shoes (Size 04 UK) - Grey / Blue,,,,309 Pr,1338.90/Pr,413720.10,,,,,,,,,,,,,,,,,,,,,,
,Plaeto Nova School Shoes (Size 05 UK) - Grey / Blue,,,,447 Pr,1443.67/Pr,645320.49,,,,,,,,,,,,,,,,,,,,,,
,Plaeto Nova School Shoes (Size 06 UK) - Grey / Blue,,,,422 Pr,1443.67/Pr,609228.74,,,,,,,,,,,,,,,,,,,,,,
,Plaeto Nova School Shoes (Size 07 UK) - Grey / Blue,,,,267 Pr,1443.67/Pr,385459.89,,,,,,,,,,,,,,,,,,,,,,
,Plaeto Nova School Shoes (Size 08 UK) - Grey / Blue,,,,246 Pr,1443.67/Pr,355142.82,,,,,,,,,,,,,,,,,,,,,,
,Plaeto Nova School Shoes (Size 09 UK) - Grey / Blue,,,,74 Pr,1443.67/Pr,106831.58,,,,,,,,,,,,,,,,,,,,,,
,Plaeto Nova School Shoes (Size 10 UK) - Grey / Blue,,,,99 Pr,1443.67/Pr,142923.33,,,,,,,,,,,,,,,,,,,,,,
,Plaeto Nova School Shoes (Size 11 UK) - Grey / Blue,,,,56 Pr,1443.67/Pr,80845.52,,,,,,,,,,,,,,,,,,,,,,
,Plaeto Nova School Shoes (Size 12 UK) - Grey / Blue,,,,27 Pr,1443.67/Pr,38979.09,,,,,,,,,,,,,,,,,,,,,,
23-Sep-25,SAI ANUGRAHA TRADERS,PSB2526/INV-1106,PSB2526/INV-1106,Being Sale of Goods - Accounted,2 Pr,,2340.00,2457.00 Dr,2340.00 Cr,117.00 Cr,,,,,,,,,,,,,,,,,,,
,Plaeto Nova School Shoes (Size 03 UK) - White,,,,1 Pr,1125.00/Pr,1125.00,,,,,,,,,,,,,,,,,,,,,,
,Plaeto Nova School Shoes (Size 05 UK) - White,,,,1 Pr,1215.00/Pr,1215.00,,,,,,,,,,,,,,,,,,,,,,
23-Sep-25,S-Mart Departmental Store,PSB2526/INV-1107,PSB2526/INV-1107,Being Sale of Goods - Accounted,110 Pr,,102218.95,107330.00 Dr,102218.95 Cr,5110.96 Cr,0.09 Cr,,,,,,,,,,,,,,,,,,
,Plaeto Aspire School Shoes (Size 03 UK) - Black,,,,15 Pr,886.40/Pr,13296.00,,,,,,,,,,,,,,,,,,,,,,
,Plaeto Aspire School Shoes (Size 05 UK) - Black,,,,30 Pr,941.87/Pr,28256.10,,,,,,,,,,,,,,,,,,,,,,
,Plaeto Aspire School Shoes (Size 06 UK) - Black,,,,30 Pr,941.87/Pr,28256.10,,,,,,,,,,,,,,,,,,,,,,
,Plaeto Aspire School Shoes (Size 07 UK) - Black,,,,25 Pr,941.87/Pr,23546.75,,,,,,,,,,,,,,,,,,,,,,
,Plaeto Aspire School Shoes (Size 04 UK) - Black,,,,10 Pr,886.40/Pr,8864.00,,,,,,,,,,,,,,,,,,,,,,
23-Sep-25,S-Mart Departmental Store,PSB2526/INV-1108,PSB2526/INV-1108,Being Sale of Goods - Accounted,65 Pr,,88752.95,93191.00 Dr,88752.95 Cr,4437.65 Cr,0.40 Cr,,,,,,,,,,,,,,,,,,
,Plaeto Nova School Shoes (Size 07 UK) - Black,,,,20 Pr,1365.43/Pr,27308.60,,,,,,,,,,,,,,,,,,,,,,
,Plaeto Nova School Shoes (Size 09 UK) - Black,,,,15 Pr,1365.43/Pr,20481.45,,,,,,,,,,,,,,,,,,,,,,
,Plaeto Nova School Shoes (Size 10 UK) - Black,,,,10 Pr,1365.43/Pr,13654.30,,,,,,,,,,,,,,,,,,,,,,
,Plaeto Nova School Shoes (Size 11 UK) - Black,,,,20 Pr,1365.43/Pr,27308.60,,,,,,,,,,,,,,,,,,,,,,
24-Sep-25,St. John's High School,PSB2526/INV-1109,PSB2526/INV-1109,Being Sale of Goods - Accounted,56 Pr,,69104.54,72560.00 Dr,69104.54 Cr,,0.24 Cr,,,,,,,,1727.61 Cr,1727.61 Cr,,,,,,,,,
,Plaeto EZPlay Shoes  - All Black,,,,32 Pr,1285.71/Pr,41142.72,,,,,,,,,,,,,,,,,,,,,,
,Plaeto EZPlay Women's Shoes - Black,,,,19 Pr,1133.33/Pr,21533.27,,,,,,,,,,,,,,,,,,,,,,
,Plaeto Ace Black Sneakers,,,,5 Pr,1285.71/Pr,6428.55,,,,,,,,,,,,,,,,,,,,,,
24-Sep-25,"Lighthouse Learning Pvt Ltd.,",PSB2526/INV-1110,PSB2526/INV-1110,Being Sale of Goods - Accounted,3729 Pr,,4544015.36,4771216.00 Dr,4544015.36 Cr,227200.78 Cr,0.14 Dr,,,,,,,,,,,,,,,,,,
,Plaeto Nova School Shoes (Size 08 C) - Grey / Blue,,,,11 Pr,989.00/Pr,10879.00,,,,,,,,,,,,,,,,,,,,,,
,Plaeto Nova School Shoes (Size 09 C) - Grey / Blue,,,,4 Pr,989.00/Pr,3956.00,,,,,,,,,,,,,,,,,,,,,,
,Plaeto Nova School Shoes (Size 10 C) - Grey / Blue,,,,45 Pr,989.00/Pr,44505.00,,,,,,,,,,,,,,,,,,,,,,
,Plaeto Nova School Shoes (Size 11 C) - Grey / Blue,,,,51 Pr,989.00/Pr,50439.00,,,,,,,,,,,,,,,,,,,,,,
,Plaeto Nova School Shoes (Size 12 C) - Grey / Blue,,,,88 Pr,989.00/Pr,87032.00,,,,,,,,,,,,,,,,,,,,,,
,Plaeto Nova School Shoes (Size 13 C) - Grey / Blue,,,,55 Pr,989.00/Pr,54395.00,,,,,,,,,,,,,,,,,,,,,,
,Plaeto Nova School Shoes (Size 01 UK) - Grey / Blue,,,,728 Pr,1191.40/Pr,867339.20,,,,,,,,,,,,,,,,,,,,,,
,Plaeto Nova School Shoes (Size 02 UK) - Grey / Blue,,,,418 Pr,1191.40/Pr,498005.20,,,,,,,,,,,,,,,,,,,,,,
,Plaeto Nova School Shoes (Size 03 UK) - Grey / Blue,,,,382 Pr,1191.40/Pr,455114.80,,,,,,,,,,,,,,,,,,,,,,
,Plaeto Nova School Shoes (Size 04 UK) - Grey / Blue,,,,309 Pr,1191.40/Pr,368142.60,,,,,,,,,,,,,,,,,,,,,,
,Plaeto Nova School Shoes (Size 05 UK) - Grey / Blue,,,,447 Pr,1284.62/Pr,574225.14,,,,,,,,,,,,,,,,,,,,,,
,Plaeto Nova School Shoes (Size 06 UK) - Grey / Blue,,,,422 Pr,1284.62/Pr,542109.64,,,,,,,,,,,,,,,,,,,,,,
,Plaeto Nova School Shoes (Size 07 UK) - Grey / Blue,,,,267 Pr,1284.62/Pr,342993.54,,,,,,,,,,,,,,,,,,,,,,
,Plaeto Nova School Shoes (Size 08 UK) - Grey / Blue,,,,246 Pr,1284.62/Pr,316016.52,,,,,,,,,,,,,,,,,,,,,,
,Plaeto Nova School Shoes (Size 09 UK) - Grey / Blue,,,,74 Pr,1284.62/Pr,95061.88,,,,,,,,,,,,,,,,,,,,,,
,Plaeto Nova School Shoes (Size 10 UK) - Grey / Blue,,,,99 Pr,1284.62/Pr,127177.38,,,,,,,,,,,,,,,,,,,,,,
,Plaeto Nova School Shoes (Size 11 UK) - Grey / Blue,,,,56 Pr,1284.62/Pr,71938.72,,,,,,,,,,,,,,,,,,,,,,
,Plaeto Nova School Shoes (Size 12 UK) - Grey / Blue,,,,27 Pr,1284.62/Pr,34684.74,,,,,,,,,,,,,,,,,,,,,,
25-Sep-25,"Lighthouse Learning Pvt Ltd.,",PSB2526/INV-1111,PSB2526/INV-1111,Being Sale of Goods - Accounted,764 Pr,,941737.96,988825.00 Dr,941737.96 Cr,47086.90 Cr,0.14 Cr,,,,,,,,,,,,,,,,,,
,Plaeto Nova School Shoes (Size 01 UK) - Grey / Blue,,,,98 Pr,1191.40/Pr,116757.20,,,,,,,,,,,,,,,,,,,,,,
,Plaeto Nova School Shoes (Size 02 UK) - Grey / Blue,,,,92 Pr,1191.40/Pr,109608.80,,,,,,,,,,,,,,,,,,,,,,
,Plaeto Nova School Shoes (Size 03 UK) - Grey / Blue,,,,92 Pr,1191.40/Pr,109608.80,,,,,,,,,,,,,,,,,,,,,,
,Plaeto Nova School Shoes (Size 04 UK) - Grey / Blue,,,,144 Pr,1191.40/Pr,171561.60,,,,,,,,,,,,,,,,,,,,,,
,Plaeto Nova School Shoes (Size 05 UK) - Grey / Blue,,,,48 Pr,1284.62/Pr,61661.76,,,,,,,,,,,,,,,,,,,,,,
,Plaeto Nova School Shoes (Size 06 UK) - Grey / Blue,,,,30 Pr,1284.62/Pr,38538.60,,,,,,,,,,,,,,,,,,,,,,
,Plaeto Nova School Shoes (Size 07 UK) - Grey / Blue,,,,127 Pr,1284.62/Pr,163146.74,,,,,,,,,,,,,,,,,,,,,,
,Plaeto Nova School Shoes (Size 08 UK) - Grey / Blue,,,,15 Pr,1284.62/Pr,19269.30,,,,,,,,,,,,,,,,,,,,,,
,Plaeto Nova School Shoes (Size 09 UK) - Grey / Blue,,,,51 Pr,1284.62/Pr,65515.62,,,,,,,,,,,,,,,,,,,,,,
,Plaeto Nova School Shoes (Size 11 UK) - Grey / Blue,,,,24 Pr,1284.62/Pr,30830.88,,,,,,,,,,,,,,,,,,,,,,
,Plaeto Nova School Shoes (Size 12 UK) - Grey / Blue,,,,43 Pr,1284.62/Pr,55238.66,,,,,,,,,,,,,,,,,,,,,,
25-Sep-25,Walk-King Shoe Company,PSB2526/INV-1112,PSB2526/INV-1112,Being Sale of Goods - Accounted,1 Pr,,1476.00,1550.00 Dr,1476.00 Cr,73.80 Cr,0.20 Cr,,,,,,,,,,,,,,,,,,
,Reebok Champion Shoe (Size 09 US) - Black,,,,1 Pr,1476.00/Pr,1476.00,,,,,,,,,,,,,,,,,,,,,,
29-Sep-25,Sharanya Narayani International School,PSB2526/INV-1113,PSB2526/INV-1113,Being Sale of Goods - Accounted,6 Pr,,9594.26,10074.00 Dr,9594.26 Cr,,0.02 Cr,,,,,,,,239.86 Cr,239.86 Cr,,,,,,,,,
,Reebok Prodigy Shoe (Size 05 Y) - Black,,,,1 Pr,1541.90/Pr,1541.90,,,,,,,,,,,,,,,,,,,,,,
,Reebok Prodigy Shoe (Size 06 Y) - Black,,,,1 Pr,1541.90/Pr,1541.90,,,,,,,,,,,,,,,,,,,,,,
,Reebok Prodigy Shoe (Size 12 US) - Black,,,,1 Pr,1713.33/Pr,1713.33,,,,,,,,,,,,,,,,,,,,,,
,Reebok Prodigy Shoe (Size 05 Y) - White,,,,1 Pr,1541.90/Pr,1541.90,,,,,,,,,,,,,,,,,,,,,,
,Reebok Prodigy Shoe (Size 06 Y) - White,,,,1 Pr,1541.90/Pr,1541.90,,,,,,,,,,,,,,,,,,,,,,
,Reebok Prodigy Shoe (Size 12 US) - White,,,,1 Pr,1713.33/Pr,1713.33,,,,,,,,,,,,,,,,,,,,,,
30-Sep-25,Samaikya Edu Services Pvt Ltd,PSB2526/INV-1114,PSB2526/INV-1114,Being Sale of Goods - Accounted,13 Pr,,19378.05,20347.00 Dr,19378.05 Cr,968.91 Cr,0.04 Cr,,,,,,,,,,,,,,,,,,
,Reebok Prodigy Shoe (Size 11 C) - Black,,,,1 Pr,1465.71/Pr,1465.71,,,,,,,,,,,,,,,,,,,,,,
,Reebok Prodigy Shoe (Size 13 C) - Black,,,,1 Pr,1465.71/Pr,1465.71,,,,,,,,,,,,,,,,,,,,,,
,Reebok Prodigy Shoe (Size 01 Y) - Black,,,,2 Pr,1465.71/Pr,2931.42,,,,,,,,,,,,,,,,,,,,,,
,Reebok Prodigy Shoe (Size 02 Y) - Black,,,,4 Pr,1465.71/Pr,5862.84,,,,,,,,,,,,,,,,,,,,,,
,Reebok Prodigy Shoe (Size 03 Y) - Black,,,,2 Pr,1465.71/Pr,2931.42,,,,,,,,,,,,,,,,,,,,,,
,Reebok Prodigy Shoe (Size 06 Y) - Black,,,,1 Pr,1465.71/Pr,1465.71,,,,,,,,,,,,,,,,,,,,,,
,Reebok Prodigy Shoe (Size 07 US) - Black,,,,1 Pr,1627.62/Pr,1627.62,,,,,,,,,,,,,,,,,,,,,,
,Reebok Prodigy Shoe (Size 08 US) - Black,,,,1 Pr,1627.62/Pr,1627.62,,,,,,,,,,,,,,,,,,,,,,
30-Sep-25,R.V. INTERNATIONAL SCHOOL,PSB2526/INV-1115,PSB2526/INV-1115,Being Sale of Goods - Accounted,1 Pr,,1056.19,1109.00 Dr,1056.19 Cr,,0.01 Cr,,,,,,,,26.40 Cr,26.40 Cr,,,,,,,,,
,Plaeto Nova School Shoes (Size 11 C) - Black,,,,1 Pr,1056.19/Pr,1056.19,,,,,,,,,,,,,,,,,,,,,,
30-Sep-25,Walk in Customers - Rakhra,PSB2526/INV-1116,PSB2526/INV-1116,Being Sale of Goods - Accounted,1 Pr,,2238.10,2350.00 Dr,2238.10 Cr,,,,,,,,,,55.95 Cr,55.95 Cr,,,,,,,,,
,Puma School Shoes (Size 08 UK) - White,,,,1 Pr,2238.10/Pr,2238.10,,,,,,,,,,,,,,,,,,,,,,
30-Sep-25,Walk in Customers - Shree Shyam,PSB2526/INV-1117,PSB2526/INV-1117,Being Sale of Goods - Accounted,12 Pr,,17409.50,18280.00 Dr,17409.50 Cr,,0.02 Cr,,,,,,,,435.24 Cr,435.24 Cr,,,,,,,,,
,Plaeto Nova School Shoes (Size 11 C) - Black,,,,1 Pr,1332.38/Pr,1332.38,,,,,,,,,,,,,,,,,,,,,,
,Plaeto Nova School Shoes (Size 12 C) - Black,,,,1 Pr,1332.38/Pr,1332.38,,,,,,,,,,,,,,,,,,,,,,
,Plaeto Nova School Shoes (Size 02 UK) - Black,,,,1 Pr,1665.71/Pr,1665.71,,,,,,,,,,,,,,,,,,,,,,
,Plaeto Nova School Shoes (Size 03 UK) - Black,,,,1 Pr,1665.71/Pr,1665.71,,,,,,,,,,,,,,,,,,,,,,
,Plaeto Nova School Shoes (Size 05 UK) - Black,,,,1 Pr,1903.81/Pr,1903.81,,,,,,,,,,,,,,,,,,,,,,
,Plaeto Nova School Shoes (Size 05 UK) - White,,,,1 Pr,1903.81/Pr,1903.81,,,,,,,,,,,,,,,,,,,,,,
,Plaeto Nova School Shoes (Size 05 UK) - Black,,,,1 Pr,1808.57/Pr,1808.57,,,,,,,,,,,,,,,,,,,,,,
,Plaeto Nova School Shoes (Size 02 UK) - Black,,,,2 Pr,1760.95/Pr,3521.90,,,,,,,,,,,,,,,,,,,,,,
,Plaeto Nova School Shoes (Size 03 UK) - Black,,,,1 Pr,1760.95/Pr,1760.95,,,,,,,,,,,,,,,,,,,,,,
,Sri Vani Navy Blue Crew Length Socks (P/3) - S,,,,1 Pr,257.14/Pr,257.14,,,,,,,,,,,,,,,,,,,,,,
,Sri Vani Navy Blue Crew Length Socks (P/3) - M,,,,1 Pr,257.14/Pr,257.14,,,,,,,,,,,,,,,,,,,,,,
30-Sep-25,Walk in Customers - Office Store,PSB2526/INV-1118,PSB2526/INV-1118,Being Sale of Goods - Accounted,23 Pr,,30430.47,31952.00 Dr,30430.47 Cr,,0.03 Cr,,,,,,,,760.75 Cr,760.75 Cr,,,,,,,,,
,Plaeto Nova School Shoes (Size 12 C) - Black,,,,2 Pr,1427.62/Pr,2855.24,,,,,,,,,,,,,,,,,,,,,,
,Plaeto Nova School Shoes (Size 13 C) - Black,,,,1 Pr,1427.62/Pr,1427.62,,,,,,,,,,,,,,,,,,,,,,
,Plaeto Nova School Shoes (Size 13 C) - White,,,,1 Pr,1427.62/Pr,1427.62,,,,,,,,,,,,,,,,,,,,,,
,Plaeto Nova School Shoes (Size 03 UK) - Black,,,,1 Pr,1808.57/Pr,1808.57,,,,,,,,,,,,,,,,,,,,,,
,Plaeto Nova School Shoes (Size 04 UK) - Black,,,,1 Pr,1619.05/Pr,1619.05,,,,,,,,,,,,,,,,,,,,,,
,Plaeto Nova School Shoes (Size 04 UK) - Black,,,,1 Pr,1665.71/Pr,1665.71,,,,,,,,,,,,,,,,,,,,,,
,Plaeto Aspire School Shoes (Size 05 UK) - Black,,,,1 Pr,1456.19/Pr,1456.19,,,,,,,,,,,,,,,,,,,,,,
,Plaeto Nova School Shoes (Size 05 UK) - Black,,,,1 Pr,2056.19/Pr,2056.19,,,,,,,,,,,,,,,,,,,,,,
,Plaeto Nova School Shoes (Size 07 UK) - Black,,,,1 Pr,1809.52/Pr,1809.52,,,,,,,,,,,,,,,,,,,,,,
,Plaeto Nova School Shoes (Size 08 UK) - Black,,,,1 Pr,1714.29/Pr,1714.29,,,,,,,,,,,,,,,,,,,,,,
,Plaeto Nova School Shoes (Size 08 UK) - Black,,,,1 Pr,1808.57/Pr,1808.57,,,,,,,,,,,,,,,,,,,,,,
,Plaeto Aspire School Shoes (Size 11 UK) - Black,,,,1 Pr,1456.19/Pr,1456.19,,,,,,,,,,,,,,,,,,,,,,
,Reebok Prodigy Shoe (Size 10 C) - Black,,,,1 Pr,1799.05/Pr,1799.05,,,,,,,,,,,,,,,,,,,,,,
,Reebok Prodigy Shoe (Size 13 C) - Black,,,,1 Pr,1799.05/Pr,1799.05,,,,,,,,,,,,,,,,,,,,,,
,Reebok Prodigy Shoe (Size 02 Y) - Black,,,,1 Pr,2189.52/Pr,2189.52,,,,,,,,,,,,,,,,,,,,,,
,Reebok Prodigy Shoe (Size 07 US) - Black,,,,1 Pr,2284.76/Pr,2284.76,,,,,,,,,,,,,,,,,,,,,,
,Laces,,,,1 Pr,94.29/Pr,94.29,,,,,,,,,,,,,,,,,,,,,,
,NPS White Crew Socks with 2 Brown Rings (P/3) - S,,,,1 Pr,284.76/Pr,284.76,,,,,,,,,,,,,,,,,,,,,,
,Legacy Navy Blue Ankle Socks (P/3) - S,,,,1 Pr,380.95/Pr,380.95,,,,,,,,,,,,,,,,,,,,,,
,Legacy Navy Blue Ankle Socks (P/3) - XL,,,,1 Pr,380.95/Pr,380.95,,,,,,,,,,,,,,,,,,,,,,
,Socks,,,,2 Pr,56.19/Pr,112.38,,,,,,,,,,,,,,,,,,,,,,
30-Sep-25,Reliance Retail Limited - Market Places,PSB2526/INV-1119,PSB2526/INV-1119,Being Booked Local Sales for the month of Sep'25,,,,20208.00 Dr,,,0.50 Cr,1541.25 Cr,1541.25 Cr,,,,,,,,,,17125.00 Cr,,,,,,
30-Sep-25,Online Debtors - Flipkart Local,PSB2526/INV-1120,PSB2526/INV-1120,Being Booked Local MP Sales for the month of Sep'25,,,,3065.00 Dr,,,0.54 Cr,233.73 Cr,233.73 Cr,,,,,,,,,,2597.00 Cr,,,,,,
30-Sep-25,Online Debtors - Flipkart,PSB2526/INV-1121,PSB2526/INV-1121,Being Booked Interstate Online MP Sales for the month of Sep'25,,,,50093.00 Dr,,,0.36 Dr,,,,,,7641.36 Cr,,,,,,,42452.00 Cr,,,,,
30-Sep-25,Online Debtors - Flipkart Local,PSB2526/INV-1122,PSB2526/INV-1122,Being Booked Local MP Sales for the month of Sep'25,,,,4736.00 Dr,,,0.50 Cr,,,,,,,,112.75 Cr,112.75 Cr,,,,,4510.00 Cr,,,,
30-Sep-25,Online Debtors - Flipkart,PSB2526/INV-1123,PSB2526/INV-1123,Being Booked Interstate Online MP Sales for the month of Sep'25,,,,27886.00 Dr,,1327.90 Cr,0.10 Cr,,,,,,,,,,,,,,,26558.00 Cr,,,
30-Sep-25,Online Debtors - Sports365 Local,PSB2526/INV-1124,PSB2526/INV-1124,Being Booked Local B2C Sales for the month of Sep'25 (1 to 21),,,,348014.00 Dr,,,0.30 Cr,8388.05 Cr,8388.05 Cr,,,,,,5667.55 Cr,5667.55 Cr,,,76277.00 Cr,,226702.00 Cr,,16923.50 Cr,,
30-Sep-25,Online Debtors - Sports365,PSB2526/INV-1125,PSB2526/INV-1125,Being Booked Interstate Online B2C Sales for the month of Sep'25 (1 to 21),,,,39945.00 Dr,,1379.70 Cr,0.34 Dr,,,,,,1673.64 Cr,,,,,,,6536.00 Cr,,27594.00 Cr,,2762.00 Cr,
30-Sep-25,Online Debtors - Sports365 Local,PSB2526/INV-1126,PSB2526/INV-1126,Being Booked Local B2C Sales for the month of Sep'25 (22 to 30),,,,64062.00 Dr,,,0.25 Cr,310.10 Cr,310.10 Cr,,,,,,1428.48 Cr,1428.48 Cr,,,160.00 Cr,,57139.00 Cr,,3285.59 Cr,,
30-Sep-25,Online Debtors - Sports365,PSB2526/INV-1127,PSB2526/INV-1127,Being Booked Interstate Online B2C Sales for the month of Sep'25 (22 to 30),,,,21917.00 Dr,,962.65 Cr,0.21 Dr,,,,,,259.56 Cr,,,,,,,195.00 Cr,,19253.00 Cr,,1247.00 Cr,
,Grand Total,,,,,,12308661.36,13598532.00 Dr,12308661.36 Cr,544445.15 Cr,2.78 Cr,21208.46 Cr,21208.46 Cr,67174.76 Cr,10890.69 Cr,10890.69 Cr,43064.82 Cr,107.14 Cr,18441.52 Cr,18441.52 Cr,2142.85 Cr,535.71 Cr,96159.00 Cr,49183.00 Cr,288351.00 Cr,73405.00 Cr,20209.09 Cr,4009.00 Cr,
